movie_title,사극,SF,어드벤처,액션,범죄,판타지,가족,미스터리,스릴러,뮤지컬,코미디,공포(호러),애니메이션,드라마,서부극(웨스턴),전쟁,멜로/로맨스,기타,다큐멘터리,공연,성인물(에로),director_power,actor_power,1주차스크린점유율,2주동안의 경쟁영화수,1주차실관람객평균평점,누적_매출액,nationality_한국영화,watch_grade_15세이상관람가,watch_grade_전체관람가,watch_grade_청소년관람불가,수익성
0.0MHz,0.0,0.0,0.0,0.0,0.0,0.0,0.0,0.0,0.0,0.0,0.0,1.0,0.0,0.0,0.0,0.0,0.0,0.0,0.0,0.0,0.0,0.0,15.311211256855074,0.07060000000000001,5.0369526024136295,1.8852160803864302,20.771732502129023,1.0,1.0,0.0,0.0,9.045516644357248
12 솔져스,0.0,0.0,0.0,1.0,0.0,0.0,0.0,0.0,0.0,0.0,0.0,0.0,0.0,1.0,0.0,1.0,0.0,0.0,0.0,0.0,0.0,0.0,16.378307249332597,0.029199999999999997,4.7535901911063645,2.312535423847214,21.28038714539608,0.0,1.0,0.0,0.0,9.443582327429283
1987,0.0,0.0,0.0,0.0,0.0,0.0,0.0,0.0,0.0,0.0,0.0,0.0,0.0,1.0,0.0,0.0,0.0,0.0,0.0,0.0,0.0,0.0,18.69170808995011,0.20939999999999998,4.30406509320417,2.322997202851323,24.320856544600492,1.0,1.0,0.0,0.0,10.43700570329564
1급기밀,0.0,0.0,0.0,0.0,0.0,0.0,0.0,0.0,0.0,0.0,0.0,0.0,0.0,1.0,0.0,0.0,0.0,0.0,0.0,0.0,0.0,0.0,17.493524338877027,0.0738,4.912654885736052,2.3015522587843744,21.219533344307802,1.0,0.0,0.0,0.0,8.995739812816426
23 아이덴티티,0.0,0.0,0.0,0.0,0.0,0.0,0.0,0.0,1.0,0.0,0.0,0.0,0.0,0.0,0.0,0.0,0.0,0.0,0.0,0.0,0.0,10.40984239935577,15.422220819739334,0.11840000000000002,4.499809670330265,2.1833374548658804,23.269788306250103,0.0,1.0,0.0,0.0,10.583162235186393
47 미터,0.0,0.0,0.0,0.0,0.0,0.0,0.0,0.0,1.0,0.0,0.0,1.0,0.0,0.0,0.0,0.0,0.0,0.0,0.0,0.0,0.0,0.0,0.0,0.1142,4.61512051684126,2.1510412621880746,22.258921518198203,0.0,1.0,0.0,0.0,9.74982923334213
50가지 그림자: 심연,0.0,0.0,0.0,0.0,0.0,0.0,0.0,0.0,0.0,0.0,0.0,0.0,0.0,1.0,0.0,0.0,1.0,0.0,0.0,0.0,0.0,0.0,14.95586625300233,0.06750000000000002,4.770684624465665,2.200903209005251,21.14909648643391,0.0,0.0,0.0,1.0,9.057833137432516
50가지 그림자: 해방,0.0,0.0,0.0,0.0,0.0,0.0,0.0,0.0,1.0,0.0,0.0,0.0,0.0,1.0,0.0,0.0,1.0,0.0,0.0,0.0,0.0,0.0,14.740413360075628,0.0318,4.5217885770490405,2.2569098160992778,21.262893530684874,0.0,0.0,0.0,1.0,9.596731410193096
7년의 밤,0.0,0.0,0.0,0.0,0.0,0.0,0.0,0.0,1.0,0.0,0.0,0.0,0.0,1.0,0.0,0.0,0.0,0.0,0.0,0.0,0.0,0.0,18.095825128972205,0.1462,4.574710978503382,1.9834618695004957,22.072562580503853,1.0,1.0,0.0,0.0,8.87246952134183
7호실,0.0,0.0,0.0,0.0,0.0,0.0,0.0,0.0,0.0,0.0,1.0,0.0,0.0,0.0,0.0,0.0,0.0,0.0,0.0,0.0,0.0,0.0,17.306432662494817,0.0932,4.61512051684126,2.1060176370608965,21.68029226457719,1.0,1.0,0.0,0.0,8.704661554890091
PMC: 더 벙커,0.0,0.0,0.0,1.0,0.0,0.0,0.0,0.0,0.0,0.0,0.0,0.0,0.0,0.0,0.0,0.0,0.0,0.0,0.0,0.0,0.0,0.0,16.736697636334945,0.1492,4.3694478524670215,1.8660025331564722,23.33643669472093,1.0,1.0,0.0,0.0,9.712913778773366
가디언즈 오브 갤럭시 VOL. 2,0.0,1.0,0.0,1.0,0.0,0.0,0.0,0.0,0.0,0.0,0.0,0.0,0.0,0.0,0.0,0.0,0.0,0.0,0.0,0.0,0.0,13.19197354770982,16.58996608850763,0.17620000000000002,4.624972813284271,2.308307447647848,23.739760090558764,0.0,0.0,0.0,0.0,9.85139009330946
가려진 시간,0.0,0.0,0.0,0.0,0.0,1.0,0.0,0.0,0.0,0.0,0.0,0.0,0.0,1.0,0.0,0.0,0.0,0.0,0.0,0.0,0.0,9.913440819523599,18.052275390133747,0.155,4.836281906951478,2.2195571909715883,22.04101312032355,1.0,0.0,0.0,0.0,8.567590277462404
가버나움,0.0,0.0,0.0,0.0,0.0,0.0,0.0,0.0,0.0,0.0,0.0,0.0,0.0,1.0,0.0,0.0,0.0,0.0,0.0,0.0,0.0,0.0,0.0,0.01675,4.68213122712422,2.367789528213174,20.218535891724546,0.0,1.0,0.0,0.0,10.146526908789191
감바의 대모험,0.0,0.0,1.0,0.0,0.0,0.0,0.0,0.0,0.0,0.0,0.0,0.0,1.0,0.0,0.0,0.0,0.0,0.0,0.0,0.0,0.0,0.0,13.918733932962985,0.0615,4.77912349311153,2.3261909100327616,20.354208114737265,0.0,0.0,1.0,0.0,9.914218179978413
갓 오브 이집트,0.0,0.0,1.0,0.0,0.0,1.0,0.0,0.0,0.0,0.0,0.0,0.0,0.0,0.0,0.0,0.0,0.0,0.0,0.0,0.0,0.0,0.0,15.685647053773646,0.10099999999999999,4.700480365792417,2.24737692558664,22.652450640370922,0.0,0.0,0.0,0.0,9.640536527576584
강철비,0.0,0.0,0.0,1.0,0.0,0.0,0.0,0.0,0.0,0.0,0.0,0.0,0.0,1.0,0.0,0.0,0.0,0.0,0.0,0.0,0.0,0.0,17.861353186499546,0.21725,4.6913478822291435,2.287956472772375,24.106596326150232,1.0,1.0,0.0,0.0,10.347707234180913
걸캅스,0.0,0.0,0.0,1.0,0.0,0.0,0.0,0.0,0.0,0.0,1.0,0.0,0.0,0.0,0.0,0.0,0.0,0.0,0.0,0.0,0.0,0.0,15.830053092739352,0.16075,4.634728988229636,1.955197150937483,23.178258728832727,1.0,1.0,0.0,0.0,10.103875199426591
검사외전,0.0,0.0,0.0,0.0,1.0,0.0,0.0,0.0,0.0,0.0,1.0,0.0,0.0,0.0,0.0,0.0,0.0,0.0,0.0,0.0,0.0,0.0,19.27475700143898,0.3102,4.30406509320417,2.272370550504251,24.940474428611846,1.0,1.0,0.0,0.0,10.848484027442167
겟 아웃,0.0,0.0,0.0,0.0,0.0,0.0,0.0,1.0,1.0,0.0,0.0,1.0,0.0,0.0,0.0,0.0,0.0,0.0,0.0,0.0,0.0,0.0,15.60319282351554,0.1312,4.762173934797756,2.2658657590616498,23.43078584258651,0.0,1.0,0.0,0.0,10.414044127117519
계춘할망,0.0,0.0,0.0,0.0,0.0,0.0,1.0,0.0,0.0,0.0,0.0,0.0,0.0,1.0,0.0,0.0,0.0,0.0,0.0,0.0,0.0,14.175046961420012,16.166263900826756,0.10275000000000002,4.543294782270004,2.295188329790307,21.84740266815275,1.0,1.0,0.0,0.0,9.388427904192087
"고산자, 대동여지도",1.0,0.0,0.0,0.0,0.0,0.0,0.0,0.0,0.0,0.0,0.0,0.0,0.0,0.0,0.0,0.0,0.0,0.0,0.0,0.0,0.0,13.027524339915031,17.980246239224996,0.1362,4.6913478822291435,2.2316092074122205,22.669162465767467,1.0,0.0,1.0,0.0,9.507589204215678
고스트버스터즈,0.0,1.0,0.0,1.0,0.0,0.0,0.0,0.0,0.0,0.0,1.0,0.0,0.0,0.0,0.0,0.0,0.0,0.0,0.0,0.0,0.0,14.234620792457203,17.429059243036086,0.07325000000000001,4.543294782270004,2.2647855318636814,22.104115974136718,0.0,0.0,0.0,0.0,9.827242820176098
고질라: 킹 오브 몬스터,0.0,1.0,1.0,1.0,0.0,0.0,0.0,0.0,0.0,0.0,0.0,0.0,0.0,0.0,0.0,0.0,0.0,0.0,0.0,0.0,0.0,0.0,14.05525146399602,0.119,5.0369526024136295,2.1248123338831015,21.82649794413403,0.0,0.0,0.0,0.0,8.436901537637233
곤지암,0.0,0.0,0.0,0.0,0.0,0.0,0.0,0.0,1.0,0.0,0.0,1.0,0.0,0.0,0.0,0.0,0.0,0.0,0.0,0.0,0.0,0.0,13.26221424452122,0.17719999999999997,4.574710978503382,2.1680196914293446,23.632389458351692,1.0,1.0,0.0,0.0,10.408297826401453
골든슬럼버,0.0,0.0,0.0,0.0,1.0,0.0,0.0,0.0,0.0,0.0,0.0,0.0,0.0,1.0,0.0,0.0,0.0,0.0,0.0,0.0,0.0,0.0,18.02195406097697,0.1356,4.356708826689592,2.0656877504074647,23.1416276965176,1.0,1.0,0.0,0.0,9.8930170534634
곰돌이 푸 다시 만나 행복해,0.0,0.0,1.0,0.0,0.0,0.0,0.0,0.0,0.0,0.0,0.0,0.0,0.0,0.0,0.0,0.0,0.0,0.0,0.0,0.0,0.0,0.0,15.082280158286032,0.09380000000000001,4.727387818712341,2.3101818526274736,21.981195310610932,0.0,0.0,1.0,0.0,9.636818278091443
공각기동대 : 고스트 인 더 쉘,0.0,1.0,0.0,1.0,1.0,0.0,0.0,0.0,0.0,0.0,0.0,0.0,0.0,0.0,0.0,0.0,0.0,0.0,0.0,0.0,0.0,0.0,16.662923228039578,0.1434,4.624972813284271,2.138643099420729,22.543887066995385,0.0,1.0,0.0,0.0,9.066823311909943
공범자들,0.0,0.0,0.0,0.0,0.0,0.0,0.0,0.0,0.0,0.0,0.0,0.0,0.0,0.0,0.0,0.0,0.0,0.0,1.0,0.0,0.0,0.0,0.0,0.03425,4.59511985013459,2.363014758560687,21.012890222635985,1.0,1.0,0.0,0.0,10.407573751511038
공작,0.0,0.0,0.0,0.0,0.0,0.0,0.0,0.0,0.0,0.0,0.0,0.0,0.0,1.0,0.0,0.0,0.0,0.0,0.0,0.0,0.0,15.250975000361667,18.12563562414238,0.20099999999999998,4.653960350157523,2.1845897917609185,24.329112327234263,1.0,0.0,0.0,0.0,11.04145903118569
공조,0.0,0.0,0.0,1.0,0.0,0.0,0.0,0.0,0.0,0.0,0.0,0.0,0.0,0.0,0.0,0.0,0.0,0.0,0.0,0.0,0.0,0.0,18.21768395421824,0.165,4.718498871295094,2.29922170959607,24.44057605366357,1.0,1.0,0.0,0.0,10.974769186796403
공포의 묘지,0.0,0.0,0.0,0.0,0.0,0.0,0.0,0.0,1.0,0.0,0.0,1.0,0.0,0.0,0.0,0.0,0.0,0.0,0.0,0.0,0.0,0.0,0.0,0.084,5.0238805208462765,1.9941922368833005,20.59678091609542,0.0,1.0,0.0,0.0,7.874135985221615
구스범스,0.0,0.0,1.0,1.0,0.0,0.0,0.0,0.0,0.0,0.0,1.0,0.0,0.0,0.0,0.0,0.0,0.0,0.0,0.0,0.0,0.0,0.0,15.139736838294404,0.081,4.543294782270004,2.2754362208909913,21.498571552775648,0.0,0.0,0.0,0.0,9.127529643771945
국가부도의 날,0.0,0.0,0.0,0.0,0.0,0.0,0.0,0.0,0.0,0.0,0.0,0.0,0.0,1.0,0.0,0.0,0.0,0.0,0.0,0.0,0.0,0.0,16.941626537558626,0.19779999999999998,4.927253685157205,2.2499638652299625,23.911532919521264,1.0,0.0,0.0,0.0,10.027119010639082
군함도,0.0,0.0,0.0,1.0,0.0,0.0,0.0,0.0,0.0,0.0,0.0,0.0,0.0,1.0,0.0,0.0,0.0,0.0,0.0,0.0,0.0,15.753398232135908,18.649105065821576,0.3686,4.762173934797756,2.157952146413597,24.59933857268787,1.0,1.0,0.0,0.0,10.174901966832644
굿 다이노,0.0,0.0,1.0,0.0,0.0,0.0,0.0,0.0,0.0,0.0,1.0,0.0,1.0,0.0,0.0,0.0,0.0,0.0,0.0,0.0,0.0,12.903607031465326,16.87359837794939,0.12175,4.31748811353631,2.304160838379939,22.81622576720069,0.0,0.0,1.0,0.0,10.318569315241824
궁합,0.0,0.0,0.0,0.0,0.0,0.0,0.0,0.0,0.0,0.0,1.0,0.0,0.0,1.0,0.0,0.0,0.0,0.0,0.0,0.0,0.0,11.894598474453584,16.991549392487663,0.14800000000000002,4.672828834461906,2.1933867745385798,23.0435696756,1.0,0.0,0.0,0.0,9.522330240340743
귀향,0.0,0.0,0.0,0.0,0.0,0.0,0.0,0.0,0.0,0.0,0.0,0.0,0.0,1.0,0.0,0.0,0.0,0.0,0.0,0.0,0.0,10.046652053983934,17.17739876237365,0.11440000000000002,4.6913478822291435,2.3585844861311376,23.779629181096045,1.0,1.0,0.0,0.0,10.970198108432266
그것,0.0,0.0,0.0,0.0,0.0,0.0,0.0,0.0,0.0,0.0,0.0,1.0,0.0,1.0,0.0,0.0,0.0,0.0,0.0,0.0,0.0,0.0,14.75791618884125,0.133,4.890349128221754,2.1671623230826427,22.656285185212546,0.0,1.0,0.0,0.0,9.358115471948421
그것만이 내 세상,0.0,0.0,0.0,0.0,0.0,0.0,0.0,0.0,0.0,0.0,1.0,0.0,0.0,1.0,0.0,0.0,0.0,0.0,0.0,0.0,0.0,0.0,17.559023965620145,0.1446,4.804021044733257,2.3231190222943074,23.620741245896603,1.0,0.0,0.0,0.0,10.312588991890204
"그날, 바다",0.0,0.0,0.0,0.0,0.0,0.0,0.0,0.0,0.0,0.0,0.0,0.0,0.0,0.0,0.0,0.0,0.0,0.0,1.0,0.0,0.0,0.0,14.378207166152793,0.08725,4.700480365792417,2.3866655809192756,21.990244116301255,1.0,1.0,0.0,0.0,10.128823660719046
그날의 분위기,0.0,0.0,0.0,0.0,0.0,0.0,0.0,0.0,0.0,0.0,0.0,0.0,0.0,0.0,0.0,0.0,1.0,0.0,0.0,0.0,0.0,0.0,17.99118522941817,0.097,4.543294782270004,2.205330318512961,22.30972787651388,1.0,1.0,0.0,0.0,9.094966835421747
그레이트 월,0.0,0.0,0.0,1.0,0.0,1.0,0.0,0.0,0.0,0.0,0.0,0.0,0.0,0.0,0.0,0.0,0.0,0.0,0.0,0.0,0.0,10.128899728973286,16.53357104851814,0.0962,4.762173934797756,2.205781820956069,22.182166855721896,0.0,0.0,0.0,0.0,8.901311627603567
그린 북,0.0,0.0,0.0,0.0,0.0,0.0,0.0,0.0,0.0,0.0,0.0,0.0,0.0,1.0,0.0,0.0,0.0,0.0,0.0,0.0,0.0,0.0,0.0,0.05519999999999999,4.812184355372417,2.3777341474548987,21.170639373192042,0.0,0.0,0.0,0.0,9.47277291002443
그린치,0.0,0.0,0.0,0.0,0.0,0.0,0.0,0.0,0.0,0.0,1.0,0.0,1.0,0.0,0.0,0.0,0.0,0.0,0.0,0.0,0.0,13.947354010819657,13.287848238834336,0.092,4.890349128221754,2.2873405995770906,22.10498162010702,0.0,0.0,1.0,0.0,10.599962045602373
극장판 공룡메카드: 타이니소어의 섬,0.0,0.0,0.0,0.0,0.0,0.0,0.0,0.0,0.0,0.0,0.0,0.0,1.0,0.0,0.0,0.0,0.0,0.0,0.0,0.0,0.0,0.0,15.926153910024773,0.10525,4.7535901911063645,2.3168603581676956,21.808475213526155,1.0,0.0,1.0,0.0,9.507212160122336
극장판 도라에몽: 진구의 보물섬,0.0,1.0,1.0,0.0,0.0,0.0,0.0,0.0,0.0,0.0,0.0,0.0,1.0,0.0,0.0,0.0,0.0,0.0,0.0,0.0,0.0,0.0,13.99337187348748,0.065,4.6913478822291435,2.3138365752992347,20.983406015351687,0.0,0.0,1.0,0.0,9.545448053128844
극장판 소드 아트 온라인 -오디널 스케일-,0.0,1.0,0.0,1.0,0.0,0.0,0.0,0.0,0.0,0.0,0.0,0.0,1.0,0.0,0.0,0.0,0.0,0.0,0.0,0.0,0.0,0.0,13.312295030487586,0.017,4.624972813284271,2.333432494222562,20.393844684302053,0.0,0.0,0.0,0.0,10.301259072992753
극장판 안녕 자두야,0.0,0.0,0.0,0.0,0.0,0.0,0.0,0.0,0.0,0.0,0.0,0.0,1.0,0.0,0.0,0.0,0.0,0.0,0.0,0.0,0.0,0.0,16.109044725426898,0.08919999999999999,4.330733340286331,2.224460739871236,21.426273988426452,1.0,0.0,1.0,0.0,10.243848419616912
극장판 요괴워치: 염라대왕과 5개의 이야기다냥!,0.0,0.0,0.0,0.0,0.0,0.0,0.0,0.0,0.0,0.0,0.0,0.0,1.0,0.0,0.0,0.0,0.0,0.0,0.0,0.0,0.0,13.580147659838563,16.59232579651234,0.0708,4.543294782270004,2.2859709533035493,21.55664801362612,0.0,0.0,1.0,0.0,10.590269596598015
극장판 요괴워치: 하늘을 나는 고래와 더블세계다냥!,0.0,0.0,0.0,0.0,0.0,0.0,0.0,0.0,0.0,0.0,0.0,0.0,1.0,0.0,0.0,0.0,0.0,0.0,0.0,0.0,0.0,13.098776411776026,16.69152579069145,0.066,4.795790545596741,2.2028509575103374,21.127102019742477,0.0,0.0,1.0,0.0,10.261162373407823
극장판 짱구는 못말려 : 습격!! 외계인 덩덩이,0.0,0.0,0.0,0.0,0.0,0.0,0.0,0.0,0.0,0.0,0.0,0.0,1.0,0.0,0.0,0.0,0.0,0.0,0.0,0.0,0.0,11.707275511056418,16.145214603457532,0.06750000000000002,4.736198448394496,2.3289700397057094,21.459789937902112,0.0,0.0,1.0,0.0,10.740981335667726
극장판 포켓몬스터 너로 정했다!,0.0,0.0,1.0,0.0,0.0,0.0,1.0,0.0,0.0,0.0,0.0,0.0,1.0,0.0,0.0,0.0,0.0,0.0,0.0,0.0,0.0,12.3970141382808,14.083783281520786,0.08574999999999999,4.61512051684126,2.296512390026357,21.999042434693987,0.0,0.0,1.0,0.0,10.830826659282566
극장판 포켓몬스터 모두의 이야기,0.0,0.0,0.0,0.0,0.0,0.0,0.0,0.0,0.0,0.0,0.0,0.0,1.0,0.0,0.0,0.0,0.0,0.0,0.0,0.0,0.0,0.0,13.409649981318735,0.05740000000000001,4.890349128221754,2.3693378454361502,21.05881021538318,0.0,0.0,1.0,0.0,10.327393262866604
극장판 헬로카봇 : 백악기 시대,0.0,0.0,0.0,0.0,0.0,0.0,0.0,0.0,0.0,0.0,0.0,0.0,1.0,0.0,0.0,0.0,0.0,0.0,0.0,0.0,0.0,0.0,15.997239526071493,0.13040000000000002,4.68213122712422,2.3292634319437053,22.53586208825409,1.0,0.0,1.0,0.0,10.188983059880183
극한직업,0.0,0.0,0.0,0.0,0.0,0.0,0.0,0.0,0.0,0.0,1.0,0.0,0.0,0.0,0.0,0.0,0.0,0.0,0.0,0.0,0.0,11.718606631666962,16.825005517784067,0.277,4.68213122712422,2.3324456959027793,25.237154728415444,1.0,1.0,0.0,0.0,10.978361633126028
글래스,0.0,1.0,0.0,0.0,0.0,0.0,0.0,1.0,0.0,0.0,0.0,0.0,0.0,1.0,0.0,0.0,0.0,0.0,0.0,0.0,0.0,0.0,14.902369434431268,0.10825,4.418840607796598,2.140740651889589,22.169492858885878,0.0,1.0,0.0,0.0,8.836118081488776
글로리데이,0.0,0.0,0.0,0.0,0.0,0.0,0.0,0.0,0.0,0.0,0.0,0.0,0.0,1.0,0.0,0.0,0.0,0.0,0.0,0.0,0.0,6.670709200076365,17.782133150804377,0.09375,4.382026634673881,2.20967827278846,21.017509710366042,1.0,1.0,0.0,0.0,8.91592122311917
기묘한 가족,0.0,0.0,0.0,0.0,0.0,0.0,1.0,0.0,0.0,0.0,1.0,0.0,0.0,0.0,0.0,0.0,0.0,0.0,0.0,0.0,0.0,0.0,15.744503042060463,0.0992,4.820281565605037,2.111053420814005,21.41771333972087,1.0,0.0,0.0,0.0,8.606630967799513
기생충,0.0,0.0,0.0,0.0,0.0,0.0,0.0,0.0,0.0,0.0,0.0,0.0,0.0,1.0,0.0,0.0,0.0,0.0,0.0,0.0,0.0,0.0,15.831707005269386,0.32725000000000004,5.0238805208462765,2.2647390766619586,24.902731936738796,1.0,1.0,0.0,0.0,10.707532105088097
기억의 밤,0.0,0.0,0.0,0.0,0.0,0.0,0.0,1.0,1.0,0.0,0.0,0.0,0.0,0.0,0.0,0.0,0.0,0.0,0.0,0.0,0.0,10.750930690512888,15.918705782187347,0.13,4.770684624465665,2.2571571724423634,22.97870946382616,1.0,1.0,0.0,0.0,9.72147315964896
꾼,0.0,0.0,0.0,0.0,1.0,0.0,0.0,0.0,0.0,0.0,0.0,0.0,0.0,0.0,0.0,0.0,0.0,0.0,0.0,0.0,0.0,0.0,17.524897179608015,0.21739999999999998,4.7535901911063645,2.2364533651791225,23.934354137446814,1.0,1.0,0.0,0.0,9.939737755030649
"나는 내일, 어제의 너와 만난다",0.0,1.0,0.0,0.0,0.0,1.0,0.0,0.0,0.0,0.0,0.0,0.0,0.0,0.0,0.0,0.0,1.0,0.0,0.0,0.0,0.0,5.942614670143277,11.389013365102048,0.030500000000000003,4.454347296253507,2.2727954904234045,20.833915670367286,0.0,0.0,0.0,0.0,9.874461699785389
나를 잊지 말아요,0.0,0.0,0.0,0.0,0.0,0.0,0.0,0.0,0.0,0.0,0.0,0.0,0.0,0.0,0.0,0.0,1.0,0.0,0.0,0.0,0.0,6.11061275493709,18.03804301074029,0.0915,4.31748811353631,2.0519682588342003,21.923719205617836,1.0,1.0,0.0,0.0,9.129360187331319
나를 차버린 스파이,0.0,0.0,0.0,1.0,0.0,0.0,0.0,0.0,0.0,0.0,1.0,0.0,0.0,0.0,0.0,0.0,0.0,0.0,0.0,0.0,0.0,0.0,15.040495311591092,0.04280000000000001,4.787491742782046,2.1972245773362196,21.463847740146488,0.0,1.0,0.0,0.0,9.037831118779414
나미야 잡화점의 기적,0.0,0.0,0.0,0.0,0.0,1.0,0.0,0.0,0.0,0.0,0.0,0.0,0.0,1.0,0.0,0.0,0.0,0.0,0.0,0.0,0.0,5.922165269933602,10.912237017611146,0.081,4.672828834461906,2.1630090136282876,21.048293393773893,0.0,0.0,1.0,0.0,9.094442071600195
나우 유 씨 미 2,0.0,0.0,0.0,1.0,1.0,0.0,0.0,0.0,0.0,0.0,0.0,0.0,0.0,0.0,0.0,0.0,0.0,0.0,0.0,0.0,0.0,0.0,17.93022962575906,0.18340000000000004,4.543294782270004,2.2635099396080274,23.76679726540137,0.0,0.0,0.0,0.0,10.14735658680569
나의 소녀시대,0.0,0.0,0.0,0.0,0.0,0.0,0.0,0.0,0.0,0.0,0.0,0.0,0.0,1.0,0.0,0.0,1.0,0.0,0.0,0.0,0.0,0.0,0.0,0.0252,4.532599493153256,2.341805806147327,21.32257112978344,0.0,1.0,0.0,0.0,11.373309419937398
나의 특별한 형제,0.0,0.0,0.0,0.0,0.0,0.0,0.0,0.0,0.0,0.0,1.0,0.0,0.0,1.0,0.0,0.0,0.0,0.0,0.0,0.0,0.0,0.0,16.146484010246244,0.146,4.795790545596741,2.326545068979066,23.10890640804463,1.0,0.0,0.0,0.0,10.272972486867308
남한산성,1.0,0.0,0.0,0.0,0.0,0.0,0.0,0.0,0.0,0.0,0.0,0.0,0.0,1.0,0.0,0.0,0.0,0.0,0.0,0.0,0.0,0.0,18.369845590917826,0.1925,4.465908118654584,2.21971112646901,24.11310414096844,1.0,1.0,0.0,0.0,10.291332365489879
내 사랑,0.0,0.0,0.0,0.0,0.0,0.0,0.0,0.0,0.0,0.0,0.0,0.0,0.0,1.0,0.0,0.0,1.0,0.0,0.0,0.0,0.0,0.0,13.91570849230199,0.04139999999999999,4.584967478670572,2.298339398073268,21.091806554027695,0.0,0.0,0.0,0.0,9.826960623223849
내안의 그놈,0.0,0.0,0.0,0.0,0.0,1.0,0.0,0.0,0.0,0.0,1.0,0.0,0.0,0.0,0.0,0.0,0.0,0.0,0.0,0.0,0.0,0.0,16.580075813106003,0.129,4.812184355372417,2.3100903885295585,23.423809384022324,1.0,1.0,0.0,0.0,10.608887564452978
너의 결혼식,0.0,0.0,0.0,0.0,0.0,0.0,0.0,0.0,0.0,0.0,0.0,0.0,0.0,0.0,0.0,0.0,1.0,0.0,0.0,0.0,0.0,3.7185747433999237,16.26628230298981,0.14040000000000002,4.787491742782046,2.3158234942536677,23.6009404896302,1.0,0.0,0.0,0.0,10.456437421131904
너의 췌장을 먹고 싶어,0.0,0.0,0.0,0.0,0.0,0.0,0.0,0.0,0.0,0.0,0.0,0.0,0.0,1.0,0.0,0.0,0.0,0.0,0.0,0.0,0.0,0.0,5.107128926677345,0.0382,4.7535901911063645,2.283532953254417,21.787087247916,0.0,0.0,0.0,0.0,10.026112321638138
널 기다리며,0.0,0.0,0.0,0.0,0.0,0.0,0.0,0.0,1.0,0.0,0.0,0.0,0.0,0.0,0.0,0.0,0.0,0.0,0.0,0.0,0.0,0.0,18.09910693315606,0.09925,4.48863636973214,2.2204381919241998,22.315696480798113,1.0,0.0,0.0,1.0,9.470223571895481
넛잡 2,0.0,0.0,1.0,0.0,0.0,0.0,0.0,0.0,0.0,0.0,1.0,0.0,1.0,0.0,0.0,0.0,0.0,0.0,0.0,0.0,0.0,0.0,16.26441138243805,0.07583333333333334,4.465908118654584,2.2785364619305524,21.701747361574302,1.0,0.0,1.0,0.0,10.241868100574143
노무현입니다,0.0,0.0,0.0,0.0,0.0,0.0,0.0,0.0,0.0,0.0,0.0,0.0,0.0,0.0,0.0,0.0,0.0,0.0,1.0,0.0,0.0,9.7408291227204,0.0,0.131,4.875197323201151,2.372715627833234,23.137995835660373,1.0,0.0,0.0,0.0,10.25625490874
눈길,0.0,0.0,0.0,0.0,0.0,0.0,0.0,0.0,0.0,0.0,0.0,0.0,0.0,1.0,0.0,0.0,0.0,0.0,0.0,0.0,0.0,0.0,17.312027080299696,0.0742,4.61512051684126,2.316190181532098,20.627294659831488,1.0,1.0,0.0,0.0,8.58852007563834
닌자터틀 : 어둠의 히어로,0.0,0.0,1.0,1.0,0.0,0.0,0.0,0.0,0.0,0.0,0.0,0.0,0.0,0.0,0.0,0.0,0.0,0.0,0.0,0.0,0.0,9.307378164960737,16.024493302319794,0.09925,4.356708826689592,2.1809230488713625,21.36840537261384,0.0,0.0,0.0,0.0,8.648140850228497
다운사이징,0.0,0.0,0.0,0.0,0.0,0.0,0.0,0.0,0.0,0.0,1.0,0.0,0.0,1.0,0.0,0.0,0.0,0.0,0.0,0.0,0.0,0.0,16.50370862022463,0.082,4.74493212836325,1.984873675017925,20.927708821552528,0.0,1.0,0.0,0.0,8.59801579570916
다이버전트 시리즈: 얼리전트,0.0,1.0,1.0,1.0,0.0,0.0,0.0,0.0,0.0,0.0,0.0,0.0,0.0,0.0,0.0,0.0,0.0,0.0,0.0,0.0,0.0,12.366704427710046,16.916147367483152,0.0766,4.532599493153256,2.200240307646959,20.501098491488175,0.0,0.0,0.0,0.0,8.920423743417984
닥터 스트레인지,0.0,0.0,1.0,1.0,0.0,1.0,0.0,0.0,0.0,0.0,0.0,0.0,0.0,0.0,0.0,0.0,0.0,0.0,0.0,0.0,0.0,10.501134087379269,16.491349264646047,0.325,4.454347296253507,2.298637018253485,24.30079563103435,0.0,0.0,0.0,0.0,9.991567368594573
달빛궁궐,0.0,0.0,1.0,0.0,0.0,1.0,0.0,0.0,0.0,0.0,0.0,0.0,1.0,0.0,0.0,0.0,0.0,0.0,0.0,0.0,0.0,0.0,17.473565240618186,0.05800000000000001,4.6913478822291435,2.2800157487871355,20.756714927243546,1.0,0.0,1.0,0.0,10.156201711143412
당갈,0.0,0.0,0.0,1.0,0.0,0.0,0.0,0.0,0.0,0.0,0.0,0.0,0.0,1.0,0.0,0.0,0.0,0.0,0.0,0.0,0.0,0.0,9.840918095784904,0.048,4.795790545596741,2.3513752571634776,19.837494128192972,0.0,0.0,0.0,0.0,9.00612734889379
"당신, 거기 있어줄래요",0.0,0.0,0.0,0.0,0.0,1.0,0.0,0.0,0.0,0.0,0.0,0.0,0.0,1.0,0.0,0.0,0.0,0.0,0.0,0.0,0.0,0.0,16.525150217208363,0.13679999999999998,4.718498871295094,2.2879805039926038,22.848973222354243,1.0,0.0,0.0,0.0,9.527923586838197
대니쉬 걸,0.0,0.0,0.0,0.0,0.0,0.0,0.0,0.0,0.0,0.0,0.0,0.0,0.0,1.0,0.0,0.0,0.0,0.0,0.0,0.0,0.0,0.0,15.272579662394172,0.046,4.189654742026425,2.2799874649991763,20.53021733363139,0.0,0.0,0.0,1.0,9.700292591984175
대립군,1.0,0.0,0.0,0.0,0.0,0.0,0.0,0.0,0.0,0.0,0.0,0.0,0.0,1.0,0.0,0.0,0.0,0.0,0.0,0.0,0.0,12.087333216112542,18.115714115567982,0.1492,4.962844630259907,2.188517586467448,22.519994539557715,1.0,1.0,0.0,0.0,9.186091155134699
대장 김창수,0.0,0.0,0.0,0.0,0.0,0.0,0.0,0.0,0.0,0.0,0.0,0.0,0.0,1.0,0.0,0.0,0.0,0.0,0.0,0.0,0.0,12.749388642708011,18.246683635475662,0.11349999999999999,4.736198448394496,2.2752498895635056,21.726643582149695,1.0,0.0,0.0,0.0,8.562220683512013
더 넌,0.0,0.0,0.0,0.0,0.0,0.0,0.0,0.0,0.0,0.0,0.0,1.0,0.0,0.0,0.0,0.0,0.0,0.0,0.0,0.0,0.0,0.0,14.845758371234675,0.1292,4.584967478670572,2.1562895365885173,22.877447239025106,0.0,1.0,0.0,0.0,9.96445291580464
더 킹,0.0,0.0,0.0,0.0,1.0,0.0,0.0,0.0,0.0,0.0,0.0,0.0,0.0,1.0,0.0,0.0,0.0,0.0,0.0,0.0,0.0,12.917379351537411,19.089854521128984,0.2124,4.718498871295094,2.26116491422226,24.328062374033998,1.0,1.0,0.0,0.0,10.453882591247599
더 테이블,0.0,0.0,0.0,0.0,0.0,0.0,0.0,0.0,0.0,0.0,0.0,0.0,0.0,1.0,0.0,0.0,1.0,0.0,0.0,0.0,0.0,10.973449153718311,16.608527939442517,0.0395,4.820281565605037,2.2316181392614864,20.242864338333085,1.0,0.0,0.0,0.0,9.121122365994145
더 페이버릿: 여왕의 여자,0.0,0.0,0.0,0.0,0.0,0.0,0.0,0.0,0.0,0.0,0.0,0.0,0.0,1.0,0.0,0.0,0.0,0.0,0.0,0.0,0.0,0.0,14.06108735346601,0.01175,4.356708826689592,2.2787430683005754,20.65181078069737,0.0,1.0,0.0,0.0,10.607369367202882
더 포스트,0.0,0.0,0.0,0.0,0.0,0.0,0.0,0.0,1.0,0.0,0.0,0.0,0.0,1.0,0.0,0.0,0.0,0.0,0.0,0.0,0.0,14.706607021299751,14.231134193732995,0.0432,4.672828834461906,2.293315192259191,20.593452325571132,0.0,0.0,0.0,0.0,9.311515784682395
더 프레데터,0.0,1.0,0.0,1.0,0.0,0.0,0.0,0.0,1.0,0.0,0.0,0.0,0.0,0.0,0.0,0.0,0.0,0.0,0.0,0.0,0.0,9.376561587746476,14.697468556527651,0.1052,4.795790545596741,2.17164028518721,21.1242632564466,0.0,0.0,0.0,1.0,8.155557372526271
덕구,0.0,0.0,0.0,0.0,0.0,0.0,0.0,0.0,0.0,0.0,0.0,0.0,0.0,1.0,0.0,0.0,0.0,0.0,0.0,0.0,0.0,0.0,16.954896174736266,0.08825,4.543294782270004,2.3664365649720733,21.39246642333753,1.0,0.0,1.0,0.0,9.077927116918726
덕혜옹주,1.0,0.0,0.0,0.0,0.0,0.0,0.0,0.0,0.0,0.0,0.0,0.0,0.0,1.0,0.0,0.0,0.0,0.0,0.0,0.0,0.0,0.0,18.436663336157164,0.1608,4.442651256490317,2.28861278047722,24.23433545438343,1.0,0.0,0.0,0.0,10.89215338910416
덤보,0.0,0.0,0.0,0.0,0.0,1.0,1.0,0.0,0.0,0.0,0.0,0.0,0.0,0.0,0.0,0.0,0.0,0.0,0.0,0.0,0.0,14.15434275696808,13.984415618898048,0.10739999999999998,4.718498871295094,2.3205710438382554,21.609274287126865,0.0,0.0,1.0,0.0,9.67920218637428
덩케르크,0.0,0.0,0.0,1.0,0.0,0.0,0.0,0.0,1.0,0.0,0.0,0.0,0.0,1.0,0.0,0.0,0.0,0.0,0.0,0.0,0.0,15.853296524979942,15.352649772397546,0.20725,4.736198448394496,2.257066477873581,23.764562025157296,0.0,0.0,0.0,0.0,9.567606858084437
데드풀,0.0,1.0,0.0,1.0,0.0,0.0,0.0,0.0,0.0,0.0,0.0,0.0,0.0,0.0,0.0,0.0,0.0,0.0,0.0,0.0,0.0,14.160283322546274,17.403025949121005,0.1984,4.189654742026425,2.2699292741261234,23.845752467199127,0.0,0.0,0.0,1.0,10.013559383551096
데드풀 2,0.0,0.0,1.0,1.0,0.0,0.0,0.0,0.0,0.0,0.0,1.0,0.0,0.0,0.0,0.0,0.0,0.0,0.0,0.0,0.0,0.0,15.310525206706961,16.355046438171083,0.277,4.48863636973214,2.331041259478484,24.132177097529127,0.0,0.0,0.0,1.0,9.974325557587848
도리를 찾아서,0.0,0.0,1.0,0.0,0.0,0.0,0.0,0.0,0.0,0.0,1.0,0.0,1.0,0.0,0.0,0.0,0.0,0.0,0.0,0.0,0.0,0.0,17.336743549220994,0.1548,4.543294782270004,2.2901005110286845,23.431708066395466,0.0,0.0,1.0,0.0,10.036335381047461
도어락,0.0,0.0,0.0,0.0,0.0,0.0,0.0,0.0,1.0,0.0,0.0,0.0,0.0,1.0,0.0,0.0,0.0,0.0,0.0,0.0,0.0,0.0,12.53614822099564,0.1486,5.081404364984463,2.1004363254769416,23.234757302856043,1.0,1.0,0.0,0.0,9.784250718184325
독수리 에디,0.0,0.0,0.0,0.0,0.0,0.0,0.0,0.0,0.0,0.0,0.0,0.0,0.0,1.0,0.0,0.0,0.0,0.0,0.0,0.0,0.0,9.711476427531473,17.43127743642989,0.10200000000000001,4.74493212836325,2.3074723856743686,21.205355214057235,0.0,0.0,0.0,0.0,8.2602812334145
돈,0.0,0.0,0.0,0.0,1.0,0.0,0.0,0.0,0.0,0.0,0.0,0.0,0.0,0.0,0.0,0.0,0.0,0.0,0.0,0.0,0.0,0.0,16.375906794917224,0.23479999999999998,4.6913478822291435,2.2479515391355167,23.878943361028394,1.0,1.0,0.0,0.0,10.103083985926451
동네사람들,0.0,0.0,0.0,1.0,0.0,0.0,0.0,0.0,1.0,0.0,0.0,0.0,0.0,0.0,0.0,0.0,0.0,0.0,0.0,0.0,0.0,0.0,16.21408441138382,0.1234,5.1298987149230735,2.0014973576540775,22.046920875775005,1.0,1.0,0.0,0.0,9.010525134692962
동주,0.0,0.0,0.0,0.0,0.0,0.0,0.0,0.0,0.0,0.0,0.0,0.0,0.0,1.0,0.0,0.0,0.0,0.0,0.0,0.0,0.0,16.093654923662182,17.441732384949955,0.0858,4.189654742026425,2.336894083845112,22.50844932472542,1.0,0.0,0.0,0.0,10.642169230351165
드래곤 길들이기 3,0.0,0.0,0.0,0.0,0.0,0.0,0.0,0.0,0.0,0.0,0.0,0.0,1.0,0.0,0.0,0.0,0.0,0.0,0.0,0.0,0.0,0.0,14.739786400613946,0.16860000000000003,4.624972813284271,2.3340192686134236,23.052904857504128,0.0,0.0,1.0,0.0,9.908434517506212
드림 쏭,0.0,0.0,0.0,0.0,0.0,0.0,0.0,0.0,0.0,0.0,0.0,0.0,1.0,0.0,0.0,0.0,0.0,0.0,0.0,0.0,0.0,0.0,17.35176029013288,0.0634,4.430816798843313,2.259057487064339,21.168338250779012,0.0,0.0,1.0,0.0,9.832836283772785
딥워터 호라이즌,0.0,0.0,0.0,1.0,0.0,0.0,0.0,0.0,0.0,0.0,0.0,0.0,0.0,1.0,0.0,0.0,0.0,0.0,0.0,0.0,0.0,11.630023021294884,16.863532544640744,0.0624,4.406719247264253,2.2531906641774992,20.444780073851298,0.0,0.0,0.0,0.0,8.452850619149979
라스트 미션,0.0,0.0,0.0,0.0,0.0,0.0,0.0,0.0,0.0,0.0,0.0,0.0,0.0,1.0,0.0,0.0,0.0,0.0,0.0,0.0,0.0,12.53020336076521,14.212455868784708,0.076,4.564348191467835,2.295747318682855,20.496302763033913,0.0,1.0,0.0,0.0,8.538586024911353
라이트 아웃,0.0,0.0,0.0,0.0,0.0,0.0,0.0,0.0,0.0,0.0,0.0,1.0,0.0,0.0,0.0,0.0,0.0,0.0,0.0,0.0,0.0,0.0,14.714201408554949,0.08819999999999999,4.5217885770490405,2.1724981019675105,22.82169960116259,0.0,1.0,0.0,0.0,10.352933117517457
라이프,0.0,1.0,0.0,0.0,0.0,0.0,0.0,0.0,1.0,0.0,0.0,0.0,0.0,0.0,0.0,0.0,0.0,0.0,0.0,0.0,0.0,9.367659974317672,15.90349067714031,0.1048,4.61512051684126,2.172561250220913,22.00691430310049,0.0,1.0,0.0,0.0,8.829461281541057
램페이지,0.0,0.0,0.0,1.0,0.0,0.0,0.0,0.0,0.0,0.0,0.0,0.0,0.0,0.0,0.0,0.0,0.0,0.0,0.0,0.0,0.0,13.402348529516312,15.569629244331626,0.13775,4.700480365792417,2.3032680440298874,23.17522489610007,0.0,0.0,0.0,0.0,9.625588746517913
러브 유어셀프 인 서울,0.0,0.0,0.0,0.0,0.0,0.0,0.0,0.0,0.0,0.0,0.0,0.0,0.0,0.0,0.0,0.0,0.0,0.0,0.0,1.0,0.0,0.0,0.0,0.0335,4.795790545596741,2.33214389523559,21.85776874920774,1.0,0.0,1.0,0.0,9.912876662543985
럭키,0.0,0.0,0.0,0.0,0.0,0.0,0.0,0.0,0.0,0.0,1.0,0.0,0.0,0.0,0.0,0.0,0.0,0.0,0.0,0.0,0.0,8.01960057129925,18.442138900104098,0.1905,4.430816798843313,2.291139169139263,24.373741744059842,1.0,1.0,0.0,0.0,10.693158792920613
런닝맨 : 풀룰루의 역습,0.0,0.0,0.0,0.0,0.0,0.0,0.0,0.0,0.0,0.0,0.0,0.0,1.0,0.0,0.0,0.0,0.0,0.0,0.0,0.0,0.0,0.0,15.332021961531842,0.05620000000000001,5.081404364984463,2.2293650825809666,21.04633844895601,1.0,0.0,1.0,0.0,10.577221726042788
런던 해즈 폴른,0.0,0.0,0.0,1.0,1.0,0.0,0.0,0.0,1.0,0.0,0.0,0.0,0.0,0.0,0.0,0.0,0.0,0.0,0.0,0.0,0.0,0.0,17.464140090871975,0.09674999999999999,4.48863636973214,2.2877072305847626,22.412587946522688,0.0,1.0,0.0,0.0,9.30363193514325
레고 배트맨 무비,0.0,0.0,0.0,1.0,0.0,0.0,0.0,0.0,0.0,0.0,1.0,0.0,1.0,0.0,0.0,0.0,0.0,0.0,0.0,0.0,0.0,12.15698312578333,16.43431426642948,0.063,4.770684624465665,2.290260395315104,20.59998697109343,0.0,0.0,1.0,0.0,9.300086278753932
레드 스패로,0.0,0.0,0.0,0.0,0.0,0.0,0.0,0.0,1.0,0.0,0.0,0.0,0.0,0.0,0.0,0.0,0.0,0.0,0.0,0.0,0.0,0.0,15.366869570193751,0.0616,4.672828834461906,2.2618371406492677,20.5443997842156,0.0,0.0,0.0,1.0,8.863173482004587
레디 플레이어 원,0.0,1.0,1.0,1.0,0.0,0.0,0.0,0.0,0.0,0.0,0.0,0.0,0.0,0.0,0.0,0.0,0.0,0.0,0.0,0.0,0.0,14.681036255475927,15.959693964207569,0.187,4.574710978503382,2.2981755949512856,23.50618584556065,0.0,0.0,0.0,0.0,9.942055539729656
레버넌트: 죽음에서 돌아온 자,0.0,0.0,1.0,0.0,0.0,0.0,0.0,0.0,0.0,0.0,0.0,0.0,0.0,1.0,0.0,0.0,0.0,0.0,0.0,0.0,0.0,11.949135898953996,16.22315781701433,0.14300000000000004,4.543294782270004,2.2113085111546966,23.33356401912027,0.0,1.0,0.0,0.0,10.295338041119242
레슬러,0.0,0.0,0.0,0.0,0.0,0.0,0.0,0.0,0.0,0.0,1.0,0.0,0.0,1.0,0.0,0.0,0.0,0.0,0.0,0.0,0.0,0.0,17.038870561060556,0.1976,4.3694478524670215,2.08975482470245,22.498510121173613,1.0,1.0,0.0,0.0,9.030165052543133
레이디 버드,0.0,0.0,0.0,0.0,0.0,0.0,0.0,0.0,0.0,0.0,1.0,0.0,0.0,1.0,0.0,0.0,0.0,0.0,0.0,0.0,0.0,11.873008888536845,15.483934810163321,0.060399999999999995,4.709530201312334,2.2676855065093378,20.218066524100838,0.0,1.0,0.0,0.0,8.554520058583257
레전드 오브 타잔,0.0,0.0,1.0,1.0,0.0,0.0,0.0,0.0,0.0,0.0,0.0,0.0,0.0,0.0,0.0,0.0,0.0,0.0,0.0,0.0,0.0,0.0,17.778761623762275,0.1066,4.430816798843313,2.219382238142748,22.67448333678055,0.0,0.0,0.0,0.0,9.587235595459251
레지던트 이블: 파멸의 날,0.0,1.0,0.0,1.0,0.0,0.0,0.0,0.0,0.0,0.0,0.0,1.0,0.0,0.0,0.0,0.0,0.0,0.0,0.0,0.0,0.0,13.155977300692264,11.02531584723697,0.0904,4.406719247264253,2.2677953963170876,22.56036567998727,0.0,0.0,0.0,1.0,9.981524784049808
로건,0.0,1.0,0.0,1.0,0.0,0.0,0.0,0.0,0.0,0.0,0.0,0.0,0.0,0.0,0.0,0.0,0.0,0.0,0.0,0.0,0.0,0.0,15.83960090296481,0.1458,4.61512051684126,2.2950009366084165,23.454858840136602,0.0,0.0,0.0,1.0,9.952040301671424
로그 원: 스타워즈 스토리,0.0,0.0,1.0,1.0,0.0,1.0,0.0,0.0,0.0,0.0,0.0,0.0,0.0,0.0,0.0,0.0,0.0,0.0,0.0,0.0,0.0,12.597763065735162,17.167186013684645,0.1542,4.672828834461906,2.242524753539119,22.907039780393564,0.0,0.0,0.0,0.0,9.427877132945827
"로봇, 소리",0.0,0.0,0.0,0.0,0.0,0.0,0.0,0.0,0.0,0.0,0.0,0.0,0.0,1.0,0.0,0.0,0.0,0.0,0.0,0.0,0.0,0.0,17.999028567189495,0.11939999999999999,4.48863636973214,2.258639194307954,21.813901033381537,1.0,0.0,0.0,0.0,8.828975690707694
로켓맨,0.0,0.0,0.0,0.0,0.0,1.0,0.0,0.0,0.0,0.0,0.0,0.0,0.0,1.0,0.0,0.0,0.0,0.0,0.0,0.0,0.0,0.0,12.84810725273996,0.09240000000000001,5.159055299214529,2.247905250235095,20.571087568636013,0.0,1.0,0.0,0.0,8.233647180738586
롱 리브 더 킹: 목포 영웅,0.0,0.0,0.0,1.0,0.0,0.0,0.0,0.0,0.0,0.0,0.0,0.0,0.0,1.0,0.0,0.0,0.0,0.0,0.0,0.0,0.0,3.4513376600488286,16.666756065623172,0.1534,4.6913478822291435,2.2095581841694982,22.898736342202703,1.0,1.0,0.0,0.0,9.319896341198966
루돌프와 많이있어,0.0,0.0,0.0,0.0,0.0,0.0,0.0,0.0,0.0,0.0,0.0,0.0,1.0,0.0,0.0,0.0,0.0,0.0,0.0,0.0,0.0,12.819484280383351,15.940044839853575,0.0596,4.672828834461906,2.289752411884169,21.181365456907734,0.0,0.0,1.0,0.0,10.485977228078452
루시드 드림,0.0,1.0,0.0,0.0,0.0,0.0,0.0,0.0,1.0,0.0,0.0,0.0,0.0,0.0,0.0,0.0,0.0,0.0,0.0,0.0,0.0,0.0,16.80476177879438,0.07039999999999999,4.499809670330265,2.2000151972430504,20.38146683969286,1.0,1.0,0.0,0.0,7.914696175640814
리얼,0.0,0.0,0.0,1.0,0.0,0.0,0.0,0.0,0.0,0.0,0.0,0.0,0.0,0.0,0.0,0.0,0.0,0.0,0.0,0.0,0.0,0.0,18.083850386093395,0.16160000000000002,4.553876891600541,1.7167842120811494,21.907941268199753,1.0,0.0,0.0,1.0,8.429825277778296
리틀 포레스트,0.0,0.0,0.0,0.0,0.0,0.0,0.0,0.0,0.0,0.0,0.0,0.0,0.0,1.0,0.0,0.0,0.0,0.0,0.0,0.0,0.0,11.507099388095659,15.526755653621365,0.137,4.672828834461906,2.31219596239511,22.96664747264741,1.0,0.0,1.0,0.0,9.42405711357518
마녀,0.0,0.0,0.0,1.0,0.0,0.0,0.0,1.0,0.0,0.0,0.0,0.0,0.0,0.0,0.0,0.0,0.0,0.0,0.0,0.0,0.0,13.538546811942604,17.05495796186046,0.16959999999999997,4.672828834461906,2.258658390894834,23.570646384227075,1.0,1.0,0.0,0.0,10.140302613757203
마스터,0.0,0.0,0.0,1.0,1.0,0.0,0.0,0.0,0.0,0.0,0.0,0.0,0.0,0.0,0.0,0.0,0.0,0.0,0.0,0.0,0.0,0.0,18.887391703932433,0.27240000000000003,4.553876891600541,2.274343167850916,24.577582617793702,1.0,1.0,0.0,0.0,10.503995824304424
마약왕,0.0,0.0,0.0,0.0,1.0,0.0,0.0,0.0,0.0,0.0,0.0,0.0,0.0,1.0,0.0,0.0,0.0,0.0,0.0,0.0,0.0,13.560282720032028,17.640294119088328,0.1868,4.890349128221754,2.02589820914339,23.487343864686018,1.0,0.0,0.0,1.0,9.762205175927658
마이펫 오지,0.0,0.0,1.0,0.0,0.0,0.0,0.0,0.0,0.0,0.0,0.0,0.0,1.0,0.0,0.0,0.0,0.0,0.0,0.0,0.0,0.0,0.0,14.982323149008288,0.06125,4.700480365792417,2.24565564452482,20.58477674779977,0.0,0.0,1.0,0.0,9.371596583912828
마이펫의 이중생활,0.0,0.0,0.0,0.0,0.0,0.0,1.0,0.0,0.0,0.0,1.0,0.0,1.0,0.0,0.0,0.0,0.0,0.0,0.0,0.0,0.0,12.814219852870972,16.85822330394484,0.125,4.442651256490317,2.276443107951182,23.444797228470183,0.0,0.0,1.0,0.0,10.985615961732538
말모이,0.0,0.0,0.0,0.0,0.0,0.0,0.0,0.0,0.0,0.0,0.0,0.0,0.0,1.0,0.0,0.0,0.0,0.0,0.0,0.0,0.0,0.0,16.263093308243363,0.17,4.812184355372417,2.3043384401421765,23.67706684805324,1.0,0.0,0.0,0.0,9.952159018993227
매그니피센트 7,0.0,0.0,0.0,1.0,0.0,0.0,0.0,0.0,0.0,0.0,0.0,0.0,0.0,0.0,1.0,0.0,0.0,0.0,0.0,0.0,0.0,11.741624412455895,17.215462271437193,0.094,4.430816798843313,2.2038936030885092,22.71215085529742,0.0,1.0,0.0,0.0,9.921922038236277
맨 인 더 다크,0.0,0.0,0.0,0.0,0.0,0.0,0.0,0.0,1.0,0.0,0.0,0.0,0.0,0.0,0.0,0.0,0.0,0.0,0.0,0.0,0.0,0.0,13.031524438965485,0.1056,4.499809670330265,2.256941257037799,22.738874205072573,0.0,0.0,0.0,1.0,9.834240439532694
맨 인 블랙: 인터내셔널,0.0,1.0,0.0,1.0,0.0,0.0,0.0,0.0,0.0,0.0,1.0,0.0,0.0,0.0,0.0,0.0,0.0,0.0,0.0,0.0,0.0,0.0,15.346106718305576,0.1892,4.9344739331306915,1.8718239983558094,22.70968091828592,0.0,0.0,0.0,0.0,8.914418741449033
메가로돈,0.0,1.0,0.0,1.0,0.0,0.0,0.0,0.0,0.0,0.0,0.0,1.0,0.0,0.0,0.0,0.0,0.0,0.0,0.0,0.0,0.0,0.0,14.062807759874442,0.08860000000000001,4.6913478822291435,2.1462607488559504,22.217523084168896,0.0,0.0,0.0,0.0,9.708850601369267
메리 포핀스 리턴즈,0.0,0.0,0.0,0.0,0.0,1.0,0.0,0.0,0.0,1.0,0.0,0.0,0.0,0.0,0.0,0.0,0.0,0.0,0.0,0.0,0.0,0.0,14.487307394862734,0.08850000000000001,4.770684624465665,2.2709969328118844,21.270763820531318,0.0,0.0,1.0,0.0,9.077500632324947
메리와 마녀의 꽃,0.0,0.0,1.0,0.0,0.0,0.0,0.0,0.0,0.0,0.0,0.0,0.0,1.0,0.0,0.0,0.0,0.0,0.0,0.0,0.0,0.0,9.617120469772969,11.258634904483765,0.09999999999999999,4.718498871295094,2.211936406634955,22.085912748103137,0.0,0.0,1.0,0.0,9.271754073892641
메이즈 러너: 데스 큐어,0.0,1.0,0.0,1.0,0.0,0.0,0.0,0.0,1.0,0.0,0.0,0.0,0.0,0.0,0.0,0.0,0.0,0.0,0.0,0.0,0.0,14.04516988582635,16.847824241214663,0.1742,4.804021044733257,2.271499866755119,23.560970071605713,0.0,0.0,0.0,0.0,10.079057157282504
명탐정 코난:진홍의 연가,0.0,0.0,0.0,0.0,0.0,0.0,0.0,0.0,0.0,0.0,0.0,0.0,1.0,0.0,0.0,0.0,0.0,0.0,0.0,0.0,0.0,12.398454368316814,13.883019413911338,0.0986,4.653960350157523,2.3134616312203518,21.863909980278745,0.0,0.0,0.0,0.0,9.952900488514425
명탐정 피카츄,0.0,0.0,1.0,1.0,0.0,0.0,0.0,0.0,0.0,0.0,1.0,0.0,0.0,0.0,0.0,0.0,0.0,0.0,0.0,0.0,0.0,0.0,12.826822178497146,0.1385,4.634728988229636,2.2658173895768075,22.089235482540776,0.0,0.0,1.0,0.0,9.464372189345156
모아나,0.0,0.0,0.0,0.0,0.0,0.0,0.0,0.0,0.0,0.0,0.0,0.0,1.0,0.0,0.0,0.0,0.0,0.0,0.0,0.0,0.0,0.0,16.378877848463738,0.14325000000000002,4.6443908991413725,2.330497214642722,23.12134986538386,0.0,0.0,1.0,0.0,9.829836077940774
모털 엔진,0.0,1.0,1.0,1.0,0.0,0.0,0.0,0.0,0.0,0.0,0.0,0.0,0.0,0.0,0.0,0.0,0.0,0.0,0.0,0.0,0.0,0.0,12.918597223528112,0.102,5.081404364984463,1.9981900597454674,21.565061927458405,0.0,0.0,0.0,0.0,8.68058006923965
목격자,0.0,0.0,0.0,0.0,0.0,0.0,0.0,0.0,1.0,0.0,0.0,0.0,0.0,0.0,0.0,0.0,0.0,0.0,0.0,0.0,0.0,12.527674989832413,17.010343998687762,0.13640000000000002,4.6913478822291435,1.8919511342336832,23.710822302530282,1.0,1.0,0.0,0.0,10.523363100549878
목소리의 형태,0.0,0.0,0.0,0.0,0.0,0.0,0.0,0.0,0.0,0.0,0.0,0.0,1.0,0.0,0.0,0.0,1.0,0.0,0.0,0.0,0.0,8.009999809731582,12.944214393228938,0.07983333333333334,4.762173934797756,2.2742770359500213,21.409396214724175,0.0,0.0,1.0,0.0,9.585421677022683
몬스터 패밀리,0.0,0.0,0.0,0.0,0.0,0.0,0.0,0.0,0.0,0.0,0.0,0.0,1.0,0.0,0.0,0.0,0.0,0.0,0.0,0.0,0.0,0.0,13.918265132104043,0.0795,4.61512051684126,2.285345584964942,21.763735675181103,0.0,0.0,1.0,0.0,10.76380929971306
몬스터 호텔 3,0.0,0.0,0.0,0.0,0.0,0.0,1.0,0.0,0.0,0.0,1.0,0.0,1.0,0.0,0.0,0.0,0.0,0.0,0.0,0.0,0.0,13.356110379786815,16.00195625814317,0.11679999999999999,4.653960350157523,2.285770343509564,22.66406425778055,0.0,0.0,1.0,0.0,10.643219180689515
문라이트,0.0,0.0,0.0,0.0,0.0,0.0,0.0,0.0,0.0,0.0,0.0,0.0,0.0,1.0,0.0,0.0,0.0,0.0,0.0,0.0,0.0,0.0,14.28095589960945,0.0264,4.499809670330265,2.2205569160134933,20.640841162390874,0.0,1.0,0.0,0.0,9.991636041499238
물괴,1.0,0.0,0.0,1.0,0.0,0.0,0.0,0.0,0.0,0.0,0.0,0.0,0.0,0.0,0.0,0.0,0.0,0.0,0.0,0.0,0.0,12.959045402637246,17.421719167334263,0.213,4.795790545596741,2.068075940461109,22.510577304298238,1.0,1.0,0.0,0.0,8.493783960634472
미 비포 유,0.0,0.0,0.0,0.0,0.0,0.0,0.0,0.0,0.0,0.0,0.0,0.0,0.0,1.0,0.0,0.0,1.0,0.0,0.0,0.0,0.0,0.0,16.378198933639467,0.0858,4.499809670330265,2.29029747036068,22.227500795309208,0.0,0.0,0.0,0.0,10.063095174070675
미녀와 야수,0.0,0.0,0.0,0.0,0.0,1.0,0.0,0.0,0.0,1.0,0.0,0.0,0.0,0.0,0.0,0.0,1.0,0.0,0.0,0.0,0.0,8.514030362341412,16.339825291972296,0.27399999999999997,4.51085950651685,2.3215939262504555,24.06576325698238,0.0,0.0,1.0,0.0,10.123057730390437
미드나잇 선,0.0,0.0,0.0,0.0,0.0,0.0,0.0,0.0,0.0,0.0,0.0,0.0,0.0,0.0,0.0,0.0,1.0,0.0,0.0,0.0,0.0,0.0,13.667476167563088,0.07925,4.672828834461906,2.3524840333629466,21.192125875666694,0.0,0.0,0.0,0.0,9.193277530869048
미래의 미라이,0.0,0.0,0.0,0.0,0.0,0.0,0.0,0.0,0.0,0.0,0.0,0.0,1.0,0.0,0.0,0.0,0.0,0.0,0.0,0.0,0.0,0.0,9.471342365897433,0.0658,4.51085950651685,1.97315407206068,20.51106353378046,0.0,0.0,1.0,0.0,8.615386219191087
미성년,0.0,0.0,0.0,0.0,0.0,0.0,0.0,0.0,0.0,0.0,0.0,0.0,0.0,1.0,0.0,0.0,0.0,0.0,0.0,0.0,0.0,0.0,15.762422336649676,0.09625,4.948759890378168,2.253606056906936,21.550302328382998,1.0,1.0,0.0,0.0,8.75550954937543
미션 임파서블: 폴아웃,0.0,0.0,0.0,1.0,0.0,0.0,0.0,0.0,1.0,0.0,0.0,0.0,0.0,0.0,0.0,0.0,0.0,0.0,0.0,0.0,0.0,14.631785633824908,16.933846407455967,0.317,4.948759890378168,2.3203540584284768,24.623316202664185,0.0,1.0,0.0,0.0,10.512270405052634
미스 페레그린과 이상한 아이들의 집,0.0,0.0,0.0,0.0,0.0,1.0,0.0,1.0,0.0,0.0,0.0,0.0,0.0,0.0,0.0,0.0,0.0,0.0,0.0,0.0,0.0,13.222055286668272,16.95731209304396,0.11579999999999999,4.762173934797756,2.2666806531245296,23.58692680942324,0.0,0.0,0.0,0.0,11.071574152873245
미스컨덕트,0.0,0.0,0.0,0.0,1.0,0.0,0.0,0.0,1.0,0.0,0.0,0.0,0.0,0.0,0.0,0.0,0.0,0.0,0.0,0.0,0.0,0.0,16.807986015846847,0.08539999999999999,4.584967478670572,1.9602674527448058,20.837883904036197,0.0,1.0,0.0,0.0,8.860115580910895
미쓰백,0.0,0.0,0.0,0.0,0.0,0.0,0.0,0.0,0.0,0.0,0.0,0.0,0.0,1.0,0.0,0.0,0.0,0.0,0.0,0.0,0.0,0.0,16.210501350476882,0.101,4.762173934797756,2.3421768663344413,22.23065580044367,1.0,1.0,0.0,0.0,9.678601629031267
미씽: 사라진 여자,0.0,0.0,0.0,0.0,0.0,0.0,0.0,1.0,0.0,0.0,0.0,0.0,0.0,0.0,0.0,0.0,0.0,0.0,0.0,0.0,0.0,0.0,17.365026805722277,0.1398,4.983606621708336,2.261911709305654,22.85504025366878,1.0,1.0,0.0,0.0,9.844900210906237
미옥,0.0,0.0,0.0,1.0,1.0,0.0,0.0,0.0,0.0,0.0,0.0,0.0,0.0,0.0,0.0,0.0,0.0,0.0,0.0,0.0,0.0,0.0,16.372426175023843,0.09775,4.564348191467835,2.0677610626816048,21.35108728793485,1.0,0.0,0.0,1.0,8.204792599079001
미이라,0.0,0.0,1.0,1.0,0.0,1.0,0.0,0.0,0.0,0.0,0.0,0.0,0.0,0.0,0.0,0.0,0.0,0.0,0.0,0.0,0.0,14.647406176607804,16.407870390753608,0.23133333333333336,4.997212273764115,2.1541870495466133,24.04777015447939,0.0,1.0,0.0,0.0,9.906609302237982
밀정,0.0,0.0,0.0,1.0,0.0,0.0,0.0,0.0,0.0,0.0,0.0,0.0,0.0,0.0,0.0,0.0,0.0,0.0,0.0,0.0,0.0,0.0,18.871014994936374,0.25,4.6913478822291435,2.255249306363694,24.674888623518644,1.0,1.0,0.0,0.0,10.779959429370374
바람 바람 바람,0.0,0.0,0.0,0.0,0.0,0.0,0.0,0.0,0.0,0.0,1.0,0.0,0.0,0.0,0.0,0.0,0.0,0.0,0.0,0.0,0.0,11.986184628583638,16.634762878882682,0.165,4.543294782270004,2.1489498762095502,22.89020879515189,1.0,0.0,0.0,1.0,9.619479767991722
바울,0.0,0.0,0.0,0.0,0.0,0.0,0.0,0.0,0.0,0.0,0.0,0.0,0.0,1.0,0.0,0.0,0.0,0.0,0.0,0.0,0.0,0.0,13.52630309536293,0.0342,4.919980925828125,2.3578150729099803,20.6976629637195,0.0,1.0,0.0,0.0,10.382958013330112
바이스,0.0,0.0,0.0,0.0,0.0,0.0,0.0,0.0,0.0,0.0,0.0,0.0,0.0,1.0,0.0,0.0,0.0,0.0,0.0,0.0,0.0,0.0,12.73369189496652,0.03575000000000001,4.948759890378168,2.299664164558024,20.7229019717555,0.0,1.0,0.0,0.0,8.69130314947739
박열,0.0,0.0,0.0,0.0,0.0,0.0,0.0,0.0,0.0,0.0,0.0,0.0,0.0,1.0,0.0,0.0,0.0,0.0,0.0,0.0,0.0,15.652585104521453,17.973381383851677,0.2048,4.553876891600541,2.2444831720029423,23.429378715784456,1.0,0.0,0.0,0.0,9.935235428068266
반드시 잡는다,0.0,0.0,0.0,0.0,0.0,0.0,0.0,0.0,1.0,0.0,0.0,0.0,0.0,0.0,0.0,0.0,0.0,0.0,0.0,0.0,0.0,13.779130538768682,17.44744602651158,0.09759999999999999,4.770684624465665,2.234923215263217,21.89675359005163,1.0,1.0,0.0,0.0,9.006202834658467
발레리나,0.0,0.0,1.0,0.0,0.0,0.0,1.0,0.0,0.0,0.0,0.0,0.0,1.0,0.0,0.0,0.0,0.0,0.0,0.0,0.0,0.0,0.0,14.661104129017964,0.058249999999999996,4.770684624465665,2.291282138370414,20.946537460858977,0.0,0.0,1.0,0.0,10.106252552098923
발레리안: 천 개 행성의 도시,0.0,1.0,1.0,1.0,0.0,0.0,0.0,0.0,0.0,0.0,0.0,0.0,0.0,0.0,0.0,0.0,0.0,0.0,0.0,0.0,0.0,14.310680632645816,15.78972737601613,0.10200000000000001,4.6913478822291435,2.189064409477366,22.08636721028261,0.0,0.0,0.0,0.0,9.134164876380176
배심원들,0.0,0.0,0.0,0.0,0.0,0.0,0.0,0.0,0.0,0.0,0.0,0.0,0.0,1.0,0.0,0.0,0.0,0.0,0.0,0.0,0.0,0.0,15.406338488102326,0.1166,4.1588830833596715,2.3075433432900314,21.413511798537616,1.0,0.0,0.0,0.0,8.329546530489107
배트맨 대 슈퍼맨: 저스티스의 시작,0.0,0.0,1.0,1.0,0.0,1.0,0.0,0.0,0.0,0.0,0.0,0.0,0.0,0.0,0.0,0.0,0.0,0.0,0.0,0.0,0.0,14.326840808784613,16.931934426988413,0.33925,4.382026634673881,2.143619715732225,23.56793253853017,0.0,0.0,0.0,0.0,9.407483496118513
버닝,0.0,0.0,0.0,0.0,0.0,0.0,0.0,1.0,0.0,0.0,0.0,0.0,0.0,0.0,0.0,0.0,0.0,0.0,0.0,0.0,0.0,10.189506182359036,16.031939860032345,0.12925,4.543294782270004,2.1758611268606987,22.1796882014805,1.0,0.0,0.0,1.0,9.242352235320345
범블비,0.0,1.0,1.0,1.0,0.0,0.0,0.0,0.0,0.0,0.0,0.0,0.0,0.0,0.0,0.0,0.0,0.0,0.0,0.0,0.0,0.0,0.0,12.671579701576452,0.12566666666666668,4.624972813284271,2.212646187954625,23.21040376458152,0.0,0.0,0.0,0.0,9.562538743499582
범죄도시,0.0,0.0,0.0,1.0,1.0,0.0,0.0,0.0,0.0,0.0,0.0,0.0,0.0,0.0,0.0,0.0,0.0,0.0,0.0,0.0,0.0,0.0,18.50184532024975,0.15033333333333332,4.465908118654584,2.3387303006956204,24.194790809263683,1.0,0.0,0.0,1.0,11.50628356280185
베놈,0.0,1.0,0.0,1.0,0.0,0.0,0.0,0.0,1.0,0.0,0.0,0.0,0.0,0.0,0.0,0.0,0.0,0.0,0.0,0.0,0.0,0.0,15.765075457560895,0.2294,4.727387818712341,2.194156993619744,24.1217885968278,0.0,1.0,0.0,0.0,10.030206652775234
베이비 드라이버,0.0,0.0,0.0,1.0,1.0,0.0,0.0,0.0,1.0,0.0,0.0,0.0,0.0,0.0,0.0,0.0,0.0,0.0,0.0,0.0,0.0,14.185314784925234,14.74727516236416,0.1186,5.017279836814924,2.2824071904913334,22.5455649154552,0.0,1.0,0.0,0.0,9.90530174839168
벤허,0.0,0.0,1.0,0.0,0.0,0.0,0.0,0.0,0.0,0.0,0.0,0.0,0.0,1.0,0.0,0.0,0.0,0.0,0.0,0.0,0.0,12.165611693638684,16.239448910219437,0.10699999999999998,4.430816798843313,2.2541632922774655,23.067535738945217,0.0,0.0,0.0,0.0,10.483332093003623
벽 속에 숨은 마법시계,0.0,0.0,0.0,0.0,0.0,1.0,0.0,1.0,0.0,0.0,0.0,1.0,0.0,0.0,0.0,0.0,0.0,0.0,0.0,0.0,0.0,0.0,14.431383486222595,0.093,4.919980925828125,1.9781064978996212,21.22098178378309,0.0,0.0,1.0,0.0,8.646709135136268
변산,0.0,0.0,0.0,0.0,0.0,0.0,0.0,0.0,0.0,0.0,0.0,0.0,0.0,1.0,0.0,0.0,0.0,0.0,0.0,0.0,0.0,15.026216619451118,16.994711909657685,0.13440000000000002,4.770684624465665,2.24491579536696,22.024103740834853,1.0,1.0,0.0,0.0,8.974605403889012
보스 베이비,0.0,0.0,0.0,0.0,0.0,0.0,1.0,0.0,0.0,0.0,1.0,0.0,1.0,0.0,0.0,0.0,0.0,0.0,0.0,0.0,0.0,13.543256592649879,15.477594469747896,0.1466,4.624972813284271,2.292273552787233,23.460791089533977,0.0,0.0,1.0,0.0,10.493519858421465
보안관,0.0,0.0,0.0,0.0,1.0,0.0,0.0,0.0,0.0,0.0,1.0,0.0,0.0,0.0,0.0,0.0,0.0,0.0,0.0,0.0,0.0,0.0,18.186428917945463,0.13640000000000002,4.624972813284271,2.247393802671469,23.657013605618236,1.0,1.0,0.0,0.0,10.742138914980371
보통사람,0.0,0.0,0.0,0.0,0.0,0.0,0.0,0.0,0.0,0.0,0.0,0.0,0.0,1.0,0.0,0.0,0.0,0.0,0.0,0.0,0.0,0.0,17.827475771859792,0.11725,4.605170185988092,2.286968017084362,21.78190387027296,1.0,1.0,0.0,0.0,8.912443259627837
보헤미안 랩소디,0.0,0.0,0.0,0.0,0.0,0.0,0.0,0.0,0.0,0.0,0.0,0.0,0.0,1.0,0.0,0.0,0.0,0.0,0.0,0.0,0.0,14.081646637876412,14.40481965171659,0.1418,4.919980925828125,2.375396233841141,23.68937871017583,0.0,0.0,0.0,0.0,10.571512953481804
봉이 김선달,1.0,0.0,0.0,0.0,0.0,0.0,0.0,0.0,0.0,0.0,0.0,0.0,0.0,0.0,0.0,0.0,0.0,0.0,0.0,0.0,0.0,0.0,18.60337822174583,0.14720000000000003,4.543294782270004,2.237270092148784,23.43917363564578,1.0,0.0,0.0,0.0,10.074576246134347
부라더,0.0,0.0,0.0,0.0,0.0,0.0,0.0,0.0,0.0,0.0,1.0,0.0,0.0,0.0,0.0,0.0,0.0,0.0,0.0,0.0,0.0,0.0,17.83417920881713,0.14475000000000002,4.727387818712341,2.2010501206609807,23.09823781249022,1.0,0.0,0.0,0.0,9.88524588212303
부산행,0.0,0.0,0.0,1.0,0.0,0.0,0.0,0.0,1.0,0.0,0.0,0.0,0.0,0.0,0.0,0.0,0.0,0.0,0.0,0.0,0.0,10.279772210115377,18.384839335384132,0.341,4.543294782270004,2.259670179512708,24.966249282055436,1.0,1.0,0.0,0.0,10.638985117189723
부탁 하나만 들어줘,0.0,0.0,0.0,0.0,0.0,0.0,0.0,1.0,1.0,0.0,0.0,0.0,0.0,0.0,0.0,0.0,0.0,0.0,0.0,0.0,0.0,12.386789517589317,12.377347561822251,0.06620000000000001,5.049856007249537,2.1643929961872876,20.647836695971844,0.0,0.0,0.0,1.0,8.427439128902211
부활,0.0,0.0,0.0,0.0,0.0,0.0,0.0,0.0,0.0,0.0,0.0,0.0,0.0,1.0,0.0,0.0,0.0,0.0,0.0,0.0,0.0,0.0,14.346012769907377,0.019749999999999997,4.3694478524670215,2.301989323783808,20.481507094329768,0.0,0.0,0.0,0.0,9.873687241800223
분노의 질주: 더 익스트림,0.0,0.0,0.0,1.0,1.0,0.0,0.0,0.0,1.0,0.0,0.0,0.0,0.0,0.0,0.0,0.0,0.0,0.0,0.0,0.0,0.0,10.266741230819596,16.92964401252788,0.24900000000000003,4.31748811353631,2.337790664165277,23.860989292534303,0.0,1.0,0.0,0.0,9.869097901140428
불한당: 나쁜 놈들의 세상,0.0,0.0,0.0,1.0,1.0,0.0,0.0,0.0,0.0,0.0,0.0,0.0,0.0,1.0,0.0,0.0,0.0,0.0,0.0,0.0,0.0,0.0,18.11167780580754,0.1464,4.762173934797756,2.252357051170829,22.663964662900597,1.0,0.0,0.0,1.0,9.155527937779102
브리짓 존스의 베이비,0.0,0.0,0.0,0.0,0.0,0.0,0.0,0.0,0.0,0.0,1.0,0.0,0.0,0.0,0.0,0.0,1.0,0.0,0.0,0.0,0.0,0.0,16.658240393292562,0.09159999999999999,4.762173934797756,2.3155171023413534,22.36852601646748,0.0,1.0,0.0,0.0,9.93357907062934
브이아이피,0.0,0.0,0.0,0.0,1.0,0.0,0.0,0.0,0.0,0.0,0.0,0.0,0.0,1.0,0.0,0.0,0.0,0.0,0.0,0.0,0.0,13.819825027241864,17.958135161249263,0.1466,4.836281906951478,2.0619514721375514,23.095357953415284,1.0,0.0,0.0,1.0,9.670953593936277
블랙 팬서,0.0,1.0,0.0,1.0,0.0,0.0,0.0,0.0,0.0,0.0,0.0,0.0,0.0,1.0,0.0,0.0,0.0,0.0,0.0,0.0,0.0,0.0,17.02633842955907,0.2582,4.356708826689592,2.2128984376326755,24.43065007659767,0.0,0.0,0.0,0.0,10.310274538878776
블레이드 러너 2049,0.0,1.0,0.0,1.0,0.0,0.0,0.0,0.0,0.0,0.0,0.0,0.0,0.0,0.0,0.0,0.0,0.0,0.0,0.0,0.0,0.0,11.321441776782683,16.15741162495876,0.11524999999999999,4.454347296253507,2.194261405614872,21.60041202742214,0.0,1.0,0.0,0.0,8.718494276689613
비밀은 없다,0.0,0.0,0.0,0.0,0.0,0.0,0.0,0.0,1.0,0.0,0.0,0.0,0.0,0.0,0.0,0.0,0.0,0.0,0.0,0.0,0.0,0.0,18.174261571687648,0.094,4.2626798770413155,2.011756410653799,21.406342853173445,1.0,0.0,0.0,1.0,8.643591638241586
비스트,0.0,0.0,0.0,0.0,1.0,0.0,0.0,0.0,1.0,0.0,0.0,0.0,0.0,0.0,0.0,0.0,0.0,0.0,0.0,0.0,0.0,0.0,15.689390368781346,0.1006,4.48863636973214,2.042916139380617,21.157368896906295,1.0,1.0,0.0,0.0,8.39123327738087
비정규직 특수요원,0.0,0.0,0.0,1.0,0.0,0.0,0.0,0.0,0.0,0.0,1.0,0.0,0.0,0.0,0.0,0.0,0.0,0.0,0.0,0.0,0.0,11.285529858468594,17.504316585382536,0.09125,4.51085950651685,2.0866272013478704,20.83896733080816,1.0,1.0,0.0,0.0,8.480771671693216
빅쇼트,0.0,0.0,0.0,0.0,0.0,0.0,0.0,0.0,0.0,0.0,0.0,0.0,0.0,1.0,0.0,0.0,0.0,0.0,0.0,0.0,0.0,14.737198738569804,16.666532540334522,0.08049999999999999,4.532599493153256,2.157675873110857,21.845579810975874,0.0,0.0,0.0,1.0,9.782897137873533
빅풋 주니어,0.0,0.0,1.0,0.0,0.0,0.0,1.0,0.0,0.0,0.0,0.0,0.0,1.0,0.0,0.0,0.0,0.0,0.0,0.0,0.0,0.0,11.538205821878234,15.95685805608296,0.0688,4.477336814478207,2.260373244177782,21.368845039188432,0.0,0.0,1.0,0.0,10.141190739932254
뺑반,0.0,0.0,0.0,1.0,1.0,0.0,0.0,0.0,0.0,0.0,0.0,0.0,0.0,0.0,0.0,0.0,0.0,0.0,0.0,0.0,0.0,0.0,15.47715206067088,0.20919999999999997,4.624972813284271,2.1204467046637236,23.42462952499543,1.0,1.0,0.0,0.0,9.805667207159772
뽀로로 극장판 공룡섬 대모험,0.0,0.0,0.0,0.0,0.0,0.0,0.0,0.0,0.0,0.0,0.0,0.0,1.0,0.0,0.0,0.0,0.0,0.0,0.0,0.0,0.0,0.0,16.50794250258729,0.0945,4.718498871295094,2.328798030694541,22.20513491128767,1.0,0.0,1.0,0.0,10.764210058928676
뽀로로 극장판 보물섬 대모험,0.0,0.0,0.0,0.0,0.0,0.0,1.0,0.0,0.0,0.0,0.0,0.0,1.0,0.0,0.0,0.0,0.0,0.0,0.0,0.0,0.0,0.0,13.89401602622898,0.1245,4.532599493153256,2.3492580464060877,22.359943622458662,1.0,0.0,1.0,0.0,10.762707374920588
사냥,0.0,0.0,0.0,1.0,0.0,0.0,0.0,0.0,0.0,0.0,0.0,0.0,0.0,0.0,0.0,0.0,0.0,0.0,0.0,0.0,0.0,0.0,18.24518815316145,0.1296,4.430816798843313,1.9381459864000945,22.30426682889023,1.0,1.0,0.0,0.0,8.896691448957124
사라진 밤,0.0,0.0,0.0,0.0,0.0,0.0,0.0,0.0,1.0,0.0,0.0,0.0,0.0,0.0,0.0,0.0,0.0,0.0,0.0,0.0,0.0,0.0,16.368057366958592,0.136,4.820281565605037,2.2299253052441395,22.979311710483078,1.0,1.0,0.0,0.0,9.762834536124403
사랑하기 때문에,0.0,0.0,0.0,0.0,0.0,0.0,0.0,0.0,0.0,0.0,1.0,0.0,0.0,0.0,0.0,0.0,1.0,0.0,0.0,0.0,0.0,0.0,17.557923285613235,0.08180000000000001,4.709530201312334,2.257605581359988,21.641510754555227,1.0,0.0,0.0,0.0,9.029542976130893
사바하,0.0,0.0,0.0,0.0,0.0,0.0,0.0,1.0,1.0,0.0,0.0,0.0,0.0,0.0,0.0,0.0,0.0,0.0,0.0,0.0,0.0,0.0,15.928497443602021,0.1764,4.406719247264253,2.196442880001563,23.641034909299584,1.0,1.0,0.0,0.0,9.727665371243717
살인자의 기억법,0.0,0.0,0.0,0.0,1.0,0.0,0.0,0.0,1.0,0.0,0.0,0.0,0.0,0.0,0.0,0.0,0.0,0.0,0.0,0.0,0.0,0.0,17.761622829701942,0.16440000000000002,4.890349128221754,2.2260907415285502,23.60619023564409,1.0,1.0,0.0,0.0,10.010066660068308
상류사회,0.0,0.0,0.0,0.0,0.0,0.0,0.0,0.0,0.0,0.0,0.0,0.0,0.0,1.0,0.0,0.0,0.0,0.0,0.0,0.0,0.0,0.0,17.455764315433253,0.1336,4.890349128221754,1.9551973887401226,22.526735476051005,1.0,0.0,0.0,1.0,9.12215607312102
생일,0.0,0.0,0.0,0.0,0.0,0.0,0.0,0.0,0.0,0.0,0.0,0.0,0.0,1.0,0.0,0.0,0.0,0.0,0.0,0.0,0.0,0.0,16.06758686308084,0.147,5.0369526024136295,2.3126257476490846,22.68727343509746,1.0,0.0,1.0,0.0,9.406133841069105
샤잠!,0.0,0.0,0.0,1.0,0.0,0.0,0.0,0.0,0.0,0.0,0.0,0.0,0.0,0.0,0.0,0.0,0.0,0.0,0.0,0.0,0.0,13.051622415397064,12.742282779738296,0.1942,5.0369526024136295,2.181970119842792,22.44981984054552,0.0,0.0,0.0,0.0,8.66654513702556
"서서평, 천천히 평온하게",0.0,0.0,0.0,0.0,0.0,0.0,0.0,0.0,0.0,0.0,0.0,0.0,0.0,0.0,0.0,0.0,0.0,0.0,1.0,0.0,0.0,0.0,16.606703005280565,0.0382,4.51085950651685,2.283515530282755,20.142358179128347,1.0,0.0,1.0,0.0,9.898527763308081
서울역,0.0,0.0,0.0,0.0,0.0,0.0,0.0,0.0,0.0,0.0,0.0,0.0,1.0,0.0,0.0,0.0,0.0,0.0,0.0,0.0,0.0,16.240667363466798,18.999125763459176,0.072,4.465908118654584,1.8511241527456694,20.84996823258412,1.0,1.0,0.0,0.0,8.928076888994784
서치,0.0,0.0,0.0,0.0,0.0,0.0,0.0,0.0,0.0,0.0,0.0,0.0,0.0,1.0,0.0,0.0,0.0,0.0,0.0,0.0,0.0,0.0,13.284126300961614,0.10379999999999999,4.890349128221754,2.3217651288144854,23.520231577103754,0.0,0.0,0.0,0.0,10.582227543107525
석조저택 살인사건,0.0,0.0,0.0,0.0,0.0,0.0,0.0,0.0,1.0,0.0,0.0,0.0,0.0,0.0,0.0,0.0,0.0,0.0,0.0,0.0,0.0,11.128406828101612,17.8506411824392,0.08649999999999998,4.762173934797756,2.228314837993688,21.735054035449256,1.0,1.0,0.0,0.0,9.272168304969549
설리: 허드슨강의 기적,0.0,0.0,0.0,0.0,0.0,0.0,0.0,0.0,0.0,0.0,0.0,0.0,0.0,1.0,0.0,0.0,0.0,0.0,0.0,0.0,0.0,12.184552616844103,15.664541262806551,0.1072,4.762173934797756,2.301274733547974,22.21779231410534,0.0,0.0,0.0,0.0,9.597593991872142
성난황소,0.0,0.0,0.0,1.0,1.0,0.0,0.0,0.0,0.0,0.0,0.0,0.0,0.0,0.0,0.0,0.0,0.0,0.0,0.0,0.0,0.0,0.0,16.986888944532787,0.177,5.030437921392435,2.2154636600302977,23.210677616109283,1.0,1.0,0.0,0.0,9.700059283876033
셰이프 오브 워터: 사랑의 모양,0.0,0.0,1.0,0.0,0.0,1.0,0.0,0.0,0.0,0.0,0.0,0.0,0.0,0.0,0.0,0.0,0.0,0.0,0.0,0.0,0.0,14.518603662436984,15.180012217017117,0.0545,4.418840607796598,2.2961846135813384,21.829467652489686,0.0,0.0,0.0,1.0,10.026307711002591
속닥속닥,0.0,0.0,0.0,0.0,0.0,0.0,0.0,1.0,0.0,0.0,0.0,1.0,0.0,0.0,0.0,0.0,0.0,0.0,0.0,0.0,0.0,0.0,16.809640696284742,0.05466666666666667,4.770684624465665,2.159484249353373,21.353382852094786,1.0,1.0,0.0,0.0,9.346830579555315
수어사이드 스쿼드,0.0,0.0,0.0,1.0,0.0,0.0,0.0,0.0,0.0,0.0,0.0,0.0,0.0,0.0,0.0,0.0,0.0,0.0,0.0,0.0,0.0,13.560840393092194,16.642463506574476,0.146,4.442651256490317,2.1611189407247857,23.46370136546147,0.0,1.0,0.0,0.0,10.166438731299984
순정,0.0,0.0,0.0,0.0,0.0,0.0,0.0,0.0,0.0,0.0,0.0,0.0,0.0,1.0,0.0,0.0,0.0,0.0,0.0,0.0,0.0,0.0,17.299557531696266,0.0806,4.6913478822291435,2.312894002243365,21.13319877210129,1.0,0.0,0.0,0.0,8.632327738844932
슈퍼배드 3,0.0,0.0,0.0,0.0,0.0,0.0,0.0,0.0,0.0,0.0,0.0,0.0,1.0,0.0,0.0,0.0,0.0,0.0,0.0,0.0,0.0,14.809141078499916,16.10334562205992,0.16899999999999998,4.762173934797756,2.295707429877462,23.743241027846683,0.0,0.0,1.0,0.0,10.818651294077318
스머프: 비밀의 숲,0.0,0.0,0.0,0.0,0.0,0.0,1.0,0.0,0.0,0.0,0.0,0.0,1.0,0.0,0.0,0.0,0.0,0.0,0.0,0.0,0.0,0.0,16.021280333322135,0.09599999999999999,4.553876891600541,2.2849156589224817,21.810754925222035,0.0,0.0,1.0,0.0,10.476099552786133
스윙키즈,0.0,0.0,0.0,0.0,0.0,0.0,0.0,0.0,0.0,0.0,0.0,0.0,0.0,1.0,0.0,0.0,0.0,0.0,0.0,0.0,0.0,0.0,13.90455998829491,0.1394,4.890349128221754,2.2773274446565384,23.040425094281357,1.0,0.0,0.0,0.0,9.78052562583948
스카이스크래퍼,0.0,0.0,0.0,1.0,0.0,0.0,0.0,0.0,1.0,0.0,0.0,0.0,0.0,0.0,0.0,0.0,0.0,0.0,0.0,0.0,0.0,0.0,12.479168501086422,0.1578,4.727387818712341,2.290580439250223,22.870053468796186,0.0,0.0,0.0,0.0,9.470449139979099
스타 이즈 본,0.0,0.0,0.0,0.0,0.0,0.0,0.0,0.0,0.0,0.0,0.0,0.0,0.0,1.0,0.0,0.0,1.0,0.0,0.0,0.0,0.0,12.606277408919887,13.760874737766708,0.09233333333333332,4.897839799950911,2.3197838761042013,21.64333288993607,0.0,1.0,0.0,0.0,9.281927758752229
스타워즈: 라스트 제다이,0.0,0.0,1.0,1.0,0.0,1.0,0.0,0.0,0.0,0.0,0.0,0.0,0.0,0.0,0.0,0.0,0.0,0.0,0.0,0.0,0.0,0.0,17.505367743942593,0.17300000000000001,4.6913478822291435,2.1722764782946027,22.85032052442887,0.0,0.0,0.0,0.0,9.295678416178623
스타트렉 비욘드,0.0,1.0,0.0,1.0,0.0,0.0,0.0,0.0,0.0,0.0,0.0,0.0,0.0,0.0,0.0,0.0,0.0,0.0,0.0,0.0,0.0,0.0,17.2516752947429,0.11779999999999999,4.465908118654584,2.2514073937566974,22.958595988912823,0.0,0.0,0.0,0.0,9.529790156706781
스파이더맨: 뉴 유니버스,0.0,0.0,0.0,1.0,0.0,0.0,1.0,0.0,0.0,0.0,0.0,0.0,1.0,0.0,0.0,0.0,0.0,0.0,0.0,0.0,0.0,12.27882847659587,13.602305452284089,0.1034,5.049856007249537,2.3252412219047938,22.27734313718513,0.0,0.0,0.0,0.0,9.311331062586632
스포트라이트,0.0,0.0,0.0,0.0,0.0,0.0,0.0,0.0,1.0,0.0,0.0,0.0,0.0,1.0,0.0,0.0,0.0,0.0,0.0,0.0,0.0,13.283086302861955,17.004872871129297,0.05419999999999999,4.6913478822291435,2.30269217316076,21.379495934718022,0.0,1.0,0.0,0.0,9.49236190719319
스플릿,0.0,0.0,0.0,0.0,0.0,0.0,0.0,0.0,0.0,0.0,0.0,0.0,0.0,1.0,0.0,0.0,0.0,0.0,0.0,0.0,0.0,0.0,16.810732518830893,0.129,4.770684624465665,2.3421401512862228,22.44806189893112,1.0,1.0,0.0,0.0,9.510501045053358
시간위의 집,0.0,0.0,0.0,0.0,0.0,0.0,0.0,1.0,1.0,0.0,0.0,0.0,0.0,0.0,0.0,0.0,0.0,0.0,0.0,0.0,0.0,0.0,17.428149781545688,0.0774,4.61512051684126,2.2645231617631865,20.68818338241727,1.0,1.0,0.0,0.0,8.349487364325535
시간이탈자,0.0,0.0,0.0,0.0,0.0,0.0,0.0,0.0,1.0,0.0,0.0,0.0,0.0,0.0,0.0,0.0,0.0,0.0,0.0,0.0,0.0,0.0,17.296657032764415,0.14,4.709530201312334,2.2087813677470467,22.829573744098113,1.0,1.0,0.0,0.0,9.436843205029108
시카리오: 데이 오브 솔다도,0.0,0.0,0.0,1.0,1.0,0.0,0.0,0.0,0.0,0.0,0.0,0.0,0.0,1.0,0.0,0.0,0.0,0.0,0.0,0.0,0.0,0.0,13.929762429503702,0.0448,4.672828834461906,2.3444455092078207,21.300583784995442,0.0,1.0,0.0,0.0,9.22081411970131
신데렐라:마법 반지의 비밀,0.0,0.0,0.0,0.0,0.0,1.0,0.0,0.0,0.0,0.0,0.0,0.0,1.0,0.0,0.0,0.0,0.0,0.0,0.0,0.0,0.0,0.0,13.634104345754615,0.0734,4.406719247264253,2.2273984349878697,21.403220234687794,0.0,0.0,1.0,0.0,10.356067297316956
신비아파트: 금빛 도깨비와 비밀의 동굴,0.0,0.0,1.0,0.0,0.0,1.0,0.0,0.0,0.0,0.0,0.0,0.0,1.0,0.0,0.0,0.0,0.0,0.0,0.0,0.0,0.0,0.0,15.789479485342355,0.11560000000000001,4.948759890378168,2.297171485106017,22.29451274929871,1.0,0.0,1.0,0.0,10.580731102897586
신비한 동물들과 그린델왈드의 범죄,0.0,0.0,0.0,0.0,0.0,1.0,0.0,0.0,0.0,0.0,0.0,0.0,0.0,0.0,0.0,0.0,0.0,0.0,0.0,0.0,0.0,12.87013631005219,14.938910217334689,0.2766,5.19295685089021,1.9555642290715534,23.69367080026584,0.0,0.0,0.0,0.0,9.495818551072928
신비한 동물사전,0.0,0.0,1.0,0.0,0.0,1.0,1.0,0.0,0.0,0.0,0.0,0.0,0.0,0.0,0.0,0.0,0.0,0.0,0.0,0.0,0.0,13.534975242762581,16.308263246927957,0.2524,4.836281906951478,2.285047826862578,24.165674772504715,0.0,0.0,0.0,0.0,10.344492681579553
싱 스트리트,0.0,0.0,0.0,0.0,0.0,0.0,0.0,0.0,0.0,0.0,0.0,0.0,0.0,1.0,0.0,0.0,1.0,0.0,0.0,0.0,0.0,14.463584872881528,15.482077878217654,0.09674999999999999,4.543294782270004,2.3209949834313615,21.88506165572874,0.0,1.0,0.0,0.0,9.328463255319813
싱글라이더,0.0,0.0,0.0,0.0,0.0,0.0,0.0,0.0,0.0,0.0,0.0,0.0,0.0,1.0,0.0,0.0,0.0,0.0,0.0,0.0,0.0,0.0,17.113156122841744,0.08600000000000001,4.499809670330265,2.199791228489507,21.68016064084544,1.0,1.0,0.0,0.0,8.743818937129348
씽,0.0,0.0,0.0,0.0,0.0,0.0,0.0,0.0,0.0,1.0,0.0,0.0,1.0,0.0,0.0,0.0,0.0,0.0,0.0,0.0,0.0,0.0,17.587778654172528,0.11960000000000001,4.553876891600541,2.323601430680988,23.067705468643446,0.0,0.0,1.0,0.0,10.660549765837649
아가씨,0.0,0.0,0.0,0.0,0.0,0.0,0.0,0.0,1.0,0.0,0.0,0.0,0.0,1.0,0.0,0.0,0.0,0.0,0.0,0.0,0.0,15.185012409813613,18.132685300538366,0.22280000000000003,4.499809670330265,2.1549712144060544,24.041951166748774,1.0,0.0,0.0,1.0,10.31822057082936
아기배달부 스토크,0.0,0.0,0.0,0.0,0.0,0.0,0.0,0.0,0.0,0.0,0.0,0.0,1.0,0.0,0.0,0.0,0.0,0.0,0.0,0.0,0.0,9.84246368934596,15.8667818539915,0.08359999999999998,4.74493212836325,2.3012486905860112,21.531275615499688,0.0,0.0,1.0,0.0,10.262484162490136
아메리칸 메이드,0.0,0.0,0.0,1.0,1.0,0.0,0.0,0.0,0.0,0.0,0.0,0.0,0.0,0.0,0.0,0.0,0.0,0.0,0.0,0.0,0.0,0.0,16.03813364881967,0.11099999999999999,4.976733742420574,2.1974412926017703,21.86768754892939,0.0,1.0,0.0,0.0,8.6913980420048
아빠는 딸,0.0,0.0,0.0,0.0,0.0,0.0,0.0,0.0,0.0,0.0,1.0,0.0,0.0,0.0,0.0,0.0,0.0,0.0,0.0,0.0,0.0,0.0,17.069485725563286,0.08879999999999999,4.31748811353631,2.2915633203981187,22.240842805098055,1.0,0.0,0.0,0.0,9.678606926862088
아수라,0.0,0.0,0.0,1.0,1.0,0.0,0.0,0.0,0.0,0.0,0.0,0.0,0.0,0.0,0.0,0.0,0.0,0.0,0.0,0.0,0.0,0.0,19.438862939395065,0.2424,4.762173934797756,2.02040055435991,23.716765327845362,1.0,0.0,0.0,1.0,9.775324099432488
아이 캔 스피크,0.0,0.0,0.0,0.0,0.0,0.0,0.0,0.0,0.0,0.0,1.0,0.0,0.0,0.0,0.0,0.0,0.0,0.0,0.0,0.0,0.0,13.479341671587722,17.30020308722639,0.18549999999999997,4.897839799950911,2.3511962332825163,23.64329070035048,1.0,0.0,0.0,0.0,9.86802081049149
아이 필 프리티,0.0,0.0,0.0,0.0,0.0,0.0,0.0,0.0,0.0,0.0,1.0,0.0,0.0,0.0,0.0,0.0,0.0,0.0,0.0,0.0,0.0,0.0,13.681204163045898,0.0374,4.663439094112067,2.3162570881128586,21.247266764557345,0.0,1.0,0.0,0.0,9.785606643489762
아이스 에이지: 지구 대충돌,0.0,0.0,1.0,0.0,0.0,0.0,0.0,0.0,0.0,0.0,1.0,0.0,1.0,0.0,0.0,0.0,0.0,0.0,0.0,0.0,0.0,0.0,17.09356526435222,0.10700000000000001,4.543294782270004,2.265234492935097,22.08889600698561,0.0,0.0,1.0,0.0,10.078521401041058
아쿠아맨,0.0,0.0,0.0,1.0,0.0,0.0,0.0,0.0,0.0,0.0,0.0,0.0,0.0,0.0,0.0,0.0,0.0,0.0,0.0,0.0,0.0,14.110344649396529,15.243813269845484,0.16899999999999998,4.890349128221754,2.267101350182798,24.27173499240517,0.0,0.0,0.0,0.0,10.900025321791825
아토믹 블론드,0.0,0.0,0.0,1.0,0.0,0.0,0.0,0.0,0.0,0.0,0.0,0.0,0.0,0.0,0.0,0.0,0.0,0.0,0.0,0.0,0.0,15.547054839941955,15.67708180026561,0.0762,4.6913478822291435,2.2061956342476785,20.8614527648546,0.0,0.0,0.0,1.0,8.305231094943412
악녀,0.0,0.0,0.0,1.0,0.0,0.0,0.0,0.0,0.0,0.0,0.0,0.0,0.0,0.0,0.0,0.0,0.0,0.0,0.0,0.0,0.0,0.0,14.401465309270167,0.11800000000000001,4.8283137373023015,2.1888494283421824,22.838425772423452,1.0,0.0,0.0,1.0,9.992958398703372
악인전,0.0,0.0,0.0,1.0,1.0,0.0,0.0,0.0,0.0,0.0,0.0,0.0,0.0,0.0,0.0,0.0,0.0,0.0,0.0,0.0,0.0,0.0,16.285691473547303,0.2008,4.1588830833596715,2.233195434997738,24.001683073961814,1.0,0.0,0.0,1.0,10.28526815602565
악질경찰,0.0,0.0,0.0,0.0,1.0,0.0,0.0,0.0,0.0,0.0,0.0,0.0,0.0,1.0,0.0,0.0,0.0,0.0,0.0,0.0,0.0,0.0,15.105851118175206,0.142,4.6913478822291435,2.1029615538966886,21.517685288217496,1.0,0.0,0.0,1.0,8.533464394570569
"안녕, 나의 소녀",0.0,0.0,0.0,0.0,0.0,0.0,0.0,0.0,0.0,0.0,0.0,0.0,0.0,0.0,0.0,0.0,1.0,0.0,0.0,0.0,0.0,0.0,12.25423874739418,0.0248,4.48863636973214,2.18154016421146,20.447910721079413,0.0,0.0,0.0,0.0,9.683517192471639
안시성,1.0,0.0,0.0,1.0,0.0,0.0,0.0,0.0,0.0,0.0,0.0,0.0,0.0,0.0,0.0,0.0,0.0,0.0,0.0,0.0,0.0,0.0,16.876222949668772,0.2104,4.584967478670572,2.269142658811245,24.44697481798961,1.0,0.0,0.0,0.0,10.783283950904071
알라딘,0.0,0.0,1.0,0.0,0.0,1.0,1.0,0.0,0.0,0.0,0.0,0.0,0.0,0.0,0.0,0.0,0.0,0.0,0.0,0.0,0.0,0.0,14.091231829877412,0.18525000000000003,4.564348191467835,2.3260796673206414,23.87636228763857,0.0,0.0,1.0,0.0,10.321862461963011
알리타: 배틀 엔젤,0.0,0.0,1.0,1.0,0.0,0.0,0.0,0.0,0.0,0.0,0.0,0.0,0.0,0.0,0.0,0.0,1.0,0.0,0.0,0.0,0.0,0.0,14.935388259744688,0.168,4.6443908991413725,2.2907336029381034,23.551035262377688,0.0,0.0,0.0,0.0,10.398330305029459
암수살인,0.0,0.0,0.0,0.0,1.0,0.0,0.0,0.0,0.0,0.0,0.0,0.0,0.0,1.0,0.0,0.0,0.0,0.0,0.0,0.0,0.0,0.0,17.04643779160741,0.193,4.727387818712341,2.2332963545213453,23.99497120818857,1.0,1.0,0.0,0.0,10.354456789207939
애나벨 집으로,0.0,0.0,0.0,0.0,0.0,0.0,0.0,1.0,1.0,0.0,0.0,1.0,0.0,0.0,0.0,0.0,0.0,0.0,0.0,0.0,0.0,0.0,0.0,0.1,4.48863636973214,2.0079411736387027,21.97992936293842,0.0,1.0,0.0,0.0,9.427019744692029
앤트맨과 와스프,0.0,1.0,1.0,1.0,0.0,0.0,0.0,0.0,0.0,0.0,0.0,0.0,0.0,0.0,0.0,0.0,0.0,0.0,0.0,0.0,0.0,13.91682184685756,16.771204582913928,0.33220000000000005,4.770684624465665,2.3042695422125576,24.42671151065513,0.0,0.0,0.0,0.0,10.101214477849052
앨빈과 슈퍼밴드: 악동 어드벤처,0.0,0.0,1.0,0.0,0.0,0.0,0.0,0.0,0.0,0.0,1.0,0.0,1.0,0.0,0.0,0.0,0.0,0.0,0.0,0.0,0.0,0.0,14.126519965097076,0.07325,4.290459441148391,2.263476768494923,21.42684155132899,0.0,0.0,1.0,0.0,10.05878815423724
앵그리버드 더 무비,0.0,0.0,0.0,0.0,0.0,0.0,0.0,0.0,0.0,0.0,0.0,0.0,1.0,0.0,0.0,0.0,0.0,0.0,0.0,0.0,0.0,0.0,17.237881301546313,0.10525,4.543294782270004,2.2158428669255117,21.983505427146863,0.0,0.0,1.0,0.0,10.148825482581962
어느 가족,0.0,0.0,0.0,0.0,0.0,0.0,0.0,0.0,0.0,0.0,0.0,0.0,0.0,1.0,0.0,0.0,0.0,0.0,0.0,0.0,0.0,11.524765020016003,12.758449754473398,0.020499999999999997,4.983606621708336,2.32435285713847,20.61804908984228,0.0,1.0,0.0,0.0,10.273795986461465
어느날,0.0,0.0,0.0,0.0,0.0,0.0,0.0,0.0,0.0,0.0,0.0,0.0,0.0,0.0,0.0,0.0,1.0,0.0,0.0,0.0,0.0,11.8549158130574,16.960530782707178,0.08940000000000001,4.61512051684126,2.278015296174509,21.29630207105447,1.0,1.0,0.0,0.0,8.733895044099732
어린 의뢰인,0.0,0.0,0.0,0.0,0.0,0.0,1.0,0.0,0.0,0.0,0.0,0.0,0.0,1.0,0.0,0.0,0.0,0.0,0.0,0.0,0.0,0.0,14.281500844513172,0.10939999999999998,4.553876891600541,2.340075830737025,21.113789678851308,1.0,0.0,0.0,0.0,8.190244871897978
어스,0.0,0.0,0.0,0.0,0.0,0.0,0.0,0.0,1.0,0.0,0.0,1.0,0.0,0.0,0.0,0.0,0.0,0.0,0.0,0.0,0.0,0.0,13.83135497855253,0.1766,4.718498871295094,2.1867522848621155,23.196649698246667,0.0,1.0,0.0,0.0,9.525776696637774
어쌔신 크리드,0.0,0.0,1.0,1.0,0.0,1.0,0.0,0.0,0.0,0.0,0.0,0.0,0.0,0.0,0.0,0.0,0.0,0.0,0.0,0.0,0.0,11.128704340493185,16.39912741152479,0.0944,4.634728988229636,2.1334394172931255,21.779909613677617,0.0,1.0,0.0,0.0,8.893727396680521
어쌔신: 더 비기닝,0.0,0.0,0.0,1.0,0.0,0.0,0.0,0.0,0.0,0.0,0.0,0.0,0.0,0.0,0.0,0.0,0.0,0.0,0.0,0.0,0.0,0.0,15.814345035782823,0.07675,4.718498871295094,2.2582321850198896,21.163609553232835,0.0,1.0,0.0,0.0,8.4150766490452
언니,0.0,0.0,0.0,1.0,0.0,0.0,0.0,0.0,0.0,0.0,0.0,0.0,0.0,0.0,0.0,0.0,0.0,0.0,0.0,0.0,0.0,0.0,16.062943191246436,0.07116666666666667,4.634728988229636,2.0917199414581824,21.28027268226306,1.0,0.0,0.0,1.0,9.036464638458058
언더 워터,0.0,0.0,0.0,0.0,0.0,0.0,0.0,0.0,1.0,0.0,0.0,1.0,0.0,0.0,0.0,0.0,0.0,0.0,0.0,0.0,0.0,13.953375885510752,10.369855741883383,0.0792,4.543294782270004,2.2356454626569255,21.83633652801139,0.0,1.0,0.0,0.0,9.815865214581665
언더독,0.0,0.0,0.0,0.0,0.0,0.0,0.0,0.0,0.0,0.0,0.0,0.0,1.0,0.0,0.0,0.0,0.0,0.0,0.0,0.0,0.0,0.0,15.464948735007065,0.08,4.51085950651685,2.3415655229931804,20.937352361740302,1.0,0.0,1.0,0.0,8.641729874295931
얼라이드,0.0,0.0,0.0,0.0,0.0,0.0,0.0,0.0,1.0,0.0,0.0,0.0,0.0,1.0,0.0,0.0,1.0,0.0,0.0,0.0,0.0,11.979135338892934,15.763392594143077,0.08819999999999999,4.634728988229636,2.2771120626249233,22.08133603739434,0.0,1.0,0.0,0.0,9.344863744047359
얼리맨,0.0,0.0,0.0,0.0,0.0,0.0,0.0,0.0,0.0,0.0,0.0,0.0,1.0,0.0,0.0,0.0,0.0,0.0,0.0,0.0,0.0,0.0,15.099278668377883,0.07949999999999999,4.48863636973214,2.2375526227192384,20.57425955316038,0.0,0.0,1.0,0.0,10.097379028998846
업그레이드,0.0,0.0,0.0,1.0,0.0,0.0,0.0,0.0,0.0,0.0,0.0,0.0,0.0,0.0,0.0,0.0,0.0,0.0,0.0,0.0,0.0,0.0,10.082154781232454,0.0345,4.9344739331306915,2.2823823856765264,21.254309296503486,0.0,1.0,0.0,0.0,8.997881116492305
에이리언: 커버넌트,0.0,1.0,0.0,0.0,0.0,0.0,0.0,0.0,1.0,0.0,0.0,0.0,0.0,0.0,0.0,0.0,0.0,0.0,0.0,0.0,0.0,15.088225191108588,15.51058563360529,0.14300000000000004,4.762173934797756,2.2208975048585775,23.069725476519405,0.0,1.0,0.0,0.0,9.660726249292129
엑스맨: 다크 피닉스,0.0,1.0,1.0,1.0,0.0,0.0,0.0,0.0,0.0,0.0,0.0,0.0,0.0,0.0,0.0,0.0,0.0,0.0,0.0,0.0,0.0,0.0,13.903928208770541,0.1492,5.159055299214529,2.0609825813657223,22.75149398644117,0.0,0.0,0.0,0.0,9.48317060253836
엑스맨: 아포칼립스,0.0,0.0,1.0,1.0,0.0,1.0,0.0,0.0,0.0,0.0,0.0,0.0,0.0,0.0,0.0,0.0,0.0,0.0,0.0,0.0,0.0,14.607027021316293,17.99984667676225,0.2378,4.418840607796598,2.2243374099627147,23.86405539079352,0.0,0.0,0.0,0.0,10.013146245030686
염력,0.0,0.0,0.0,0.0,0.0,0.0,0.0,0.0,0.0,0.0,1.0,0.0,0.0,1.0,0.0,0.0,0.0,0.0,0.0,0.0,0.0,15.76526305459569,17.642980429572955,0.1564,4.7535901911063645,2.009544843972137,22.724070894974837,1.0,1.0,0.0,0.0,8.6838092842829
예수는 역사다,0.0,0.0,0.0,0.0,0.0,0.0,0.0,0.0,0.0,0.0,0.0,0.0,0.0,1.0,0.0,0.0,0.0,0.0,0.0,0.0,0.0,8.550244170651053,14.779873225095596,0.0395,4.624972813284271,2.355448582540951,20.564660065753873,0.0,0.0,1.0,0.0,10.032581131863749
오리엔트 특급 살인,0.0,0.0,0.0,0.0,1.0,0.0,0.0,1.0,0.0,0.0,0.0,0.0,0.0,1.0,0.0,0.0,0.0,0.0,0.0,0.0,0.0,12.581667778364153,16.059186233287893,0.1192,4.770684624465665,2.218944258111027,22.578514896751674,0.0,0.0,0.0,0.0,9.75664177579001
오션스8,0.0,0.0,0.0,1.0,1.0,0.0,0.0,0.0,0.0,0.0,0.0,0.0,0.0,0.0,0.0,0.0,0.0,0.0,0.0,0.0,0.0,0.0,16.101950881105164,0.16460000000000002,4.574710978503382,2.2722198047276554,23.040379799310763,0.0,0.0,0.0,0.0,9.801256348726557
옥자,0.0,0.0,1.0,1.0,0.0,0.0,0.0,0.0,0.0,0.0,0.0,0.0,0.0,1.0,0.0,0.0,0.0,0.0,0.0,0.0,0.0,0.0,18.084419071780903,0.01925,4.718498871295094,2.2813218167118277,21.29370371199585,0.0,0.0,0.0,0.0,10.395588535444846
완벽한 타인,0.0,0.0,0.0,0.0,0.0,0.0,0.0,0.0,0.0,0.0,1.0,0.0,0.0,1.0,0.0,0.0,0.0,0.0,0.0,0.0,0.0,0.0,15.624475593867619,0.19439999999999996,4.919980925828125,2.2999971716524397,24.157886020090547,1.0,1.0,0.0,0.0,10.431162953614368
요로나의 저주,0.0,0.0,0.0,0.0,0.0,0.0,0.0,0.0,0.0,0.0,0.0,1.0,0.0,0.0,0.0,0.0,0.0,0.0,0.0,0.0,0.0,0.0,0.0,0.08680000000000002,4.812184355372417,2.205010113642276,21.27449389574188,0.0,1.0,0.0,0.0,8.13226895535137
우상,0.0,0.0,0.0,0.0,0.0,0.0,0.0,0.0,1.0,0.0,0.0,0.0,0.0,0.0,0.0,0.0,0.0,0.0,0.0,0.0,0.0,0.0,15.12992398615972,0.143,4.6913478822291435,2.016006176162294,21.095263939639647,1.0,1.0,0.0,0.0,8.162106747564227
워크래프트: 전쟁의 서막,0.0,0.0,1.0,1.0,0.0,1.0,0.0,0.0,0.0,0.0,0.0,0.0,0.0,0.0,0.0,0.0,0.0,0.0,0.0,0.0,0.0,0.0,15.990522649640086,0.14024999999999999,4.477336814478207,2.2717305821037352,22.990574126763924,0.0,0.0,0.0,0.0,9.607291595637625
원더,0.0,0.0,0.0,0.0,0.0,0.0,0.0,0.0,0.0,0.0,0.0,0.0,0.0,1.0,0.0,0.0,0.0,0.0,0.0,0.0,0.0,12.624009459258538,13.196463531213201,0.029999999999999995,4.30406509320417,2.357704392208816,20.93209067989266,0.0,0.0,1.0,0.0,9.545514501935422
원더풀 고스트,0.0,0.0,0.0,0.0,1.0,0.0,0.0,0.0,0.0,0.0,1.0,0.0,0.0,1.0,0.0,0.0,0.0,0.0,0.0,0.0,0.0,12.437060940226058,16.864480214041276,0.0612,4.48863636973214,2.059294430775991,22.011065282645777,1.0,0.0,0.0,0.0,9.378630372660943
원라인,0.0,0.0,0.0,0.0,1.0,0.0,0.0,0.0,0.0,0.0,0.0,0.0,0.0,0.0,0.0,0.0,0.0,0.0,0.0,0.0,0.0,0.0,18.290372840585075,0.10979999999999998,4.624972813284271,2.290749468986839,21.879648932977343,1.0,1.0,0.0,0.0,9.068720018030005
원피스 필름 골드,0.0,0.0,1.0,0.0,0.0,1.0,0.0,0.0,0.0,0.0,0.0,0.0,1.0,0.0,0.0,0.0,0.0,0.0,0.0,0.0,0.0,0.0,14.099170858923985,0.07050000000000001,4.672828834461906,2.325797330540523,21.241360338890477,0.0,0.0,0.0,0.0,10.102296962243535
위대한 소원,0.0,0.0,0.0,0.0,0.0,0.0,0.0,0.0,0.0,0.0,1.0,0.0,0.0,1.0,0.0,0.0,0.0,0.0,0.0,0.0,0.0,0.0,17.19368624841907,0.10180000000000002,4.634728988229636,2.2479776080654164,21.560304990854714,1.0,1.0,0.0,0.0,9.161644749258837
위대한 쇼맨,0.0,0.0,0.0,0.0,0.0,0.0,0.0,0.0,0.0,1.0,0.0,0.0,0.0,1.0,0.0,0.0,0.0,0.0,0.0,0.0,0.0,0.0,15.46617286349746,0.11439999999999999,4.653960350157523,2.3529509488804337,22.751813123164705,0.0,0.0,0.0,0.0,9.830039595565212
유전,0.0,0.0,0.0,0.0,0.0,0.0,0.0,0.0,0.0,0.0,0.0,1.0,0.0,0.0,0.0,0.0,0.0,0.0,0.0,0.0,0.0,0.0,10.55874692443079,0.08,4.454347296253507,2.067222748751338,21.049214051227818,0.0,1.0,0.0,0.0,9.003955524217904
이스케이프 룸,0.0,0.0,0.0,1.0,0.0,0.0,0.0,0.0,1.0,0.0,0.0,1.0,0.0,0.0,0.0,0.0,0.0,0.0,0.0,0.0,0.0,9.948417002300614,0.0,0.12575,4.564348191467835,2.2058264792530626,22.287066083313103,0.0,1.0,0.0,0.0,9.262573638433091
인시디어스4: 라스트 키,0.0,0.0,0.0,0.0,0.0,0.0,0.0,1.0,1.0,0.0,0.0,1.0,0.0,0.0,0.0,0.0,0.0,0.0,0.0,0.0,0.0,10.320091660328222,16.025356226309547,0.1044,4.7535901911063645,2.1413105707356053,22.16518853923351,0.0,1.0,0.0,0.0,9.621653352513215
인천상륙작전,0.0,0.0,0.0,0.0,0.0,0.0,0.0,0.0,0.0,0.0,0.0,0.0,0.0,1.0,0.0,1.0,0.0,0.0,0.0,0.0,0.0,8.949736954048083,18.256953256089105,0.20180000000000003,4.6443908991413725,2.26212622193232,24.50918571719298,1.0,0.0,0.0,0.0,10.864862267456596
인크레더블 2,0.0,0.0,1.0,1.0,0.0,0.0,0.0,0.0,0.0,0.0,0.0,0.0,1.0,0.0,0.0,0.0,0.0,0.0,0.0,0.0,0.0,0.0,15.424503877181456,0.23079999999999998,4.890349128221754,2.337849216158094,23.780046504112885,0.0,0.0,1.0,0.0,9.9728516914564
인페르노,0.0,0.0,0.0,0.0,0.0,0.0,0.0,1.0,1.0,0.0,0.0,0.0,0.0,0.0,0.0,0.0,0.0,0.0,0.0,0.0,0.0,13.326082708342229,16.413675594457438,0.1402,4.532599493153256,2.2270208117768577,22.392825619709182,0.0,1.0,0.0,0.0,8.955519253948712
임금님의 사건수첩,0.0,0.0,1.0,1.0,0.0,0.0,0.0,0.0,0.0,0.0,1.0,0.0,0.0,0.0,0.0,0.0,0.0,0.0,0.0,0.0,0.0,0.0,18.155133870092104,0.19579999999999995,4.51085950651685,2.2021385773261213,23.2117707820977,1.0,0.0,0.0,0.0,9.640807354248835
자백,0.0,0.0,0.0,0.0,0.0,0.0,0.0,0.0,0.0,0.0,0.0,0.0,0.0,0.0,0.0,0.0,0.0,0.0,1.0,0.0,0.0,0.0,0.0,0.02625,4.430816798843313,2.3613031625176713,20.29829293460453,1.0,1.0,0.0,0.0,9.710330832311561
자전차왕 엄복동,0.0,0.0,0.0,0.0,0.0,0.0,0.0,0.0,0.0,0.0,0.0,0.0,0.0,1.0,0.0,0.0,0.0,0.0,0.0,0.0,0.0,0.0,16.180671807291933,0.08320000000000001,4.442651256490317,2.1483461420910106,20.92494929566341,1.0,0.0,0.0,0.0,8.245311611386853
장난감이 살아있다,0.0,0.0,1.0,0.0,0.0,0.0,1.0,0.0,0.0,0.0,0.0,0.0,1.0,0.0,0.0,0.0,0.0,0.0,0.0,0.0,0.0,10.48495895306818,16.057643648617287,0.044399999999999995,4.6913478822291435,2.223221167237597,20.74740092927319,0.0,0.0,1.0,0.0,10.375598554313731
장난스런 키스,0.0,0.0,0.0,0.0,0.0,0.0,0.0,0.0,0.0,0.0,0.0,0.0,0.0,0.0,0.0,0.0,1.0,0.0,0.0,0.0,0.0,11.966326018428948,11.966326018428948,0.08020000000000001,4.718498871295094,2.2712559319310817,21.718574204456466,0.0,0.0,0.0,0.0,9.774527285077626
장산범,0.0,0.0,0.0,0.0,0.0,0.0,0.0,1.0,1.0,0.0,0.0,0.0,0.0,0.0,0.0,0.0,0.0,0.0,0.0,0.0,0.0,0.0,17.204118552468824,0.11524999999999999,4.59511985013459,2.141746232566,22.972824530382848,1.0,1.0,0.0,0.0,10.074001929651837
재심,0.0,0.0,0.0,0.0,0.0,0.0,0.0,0.0,0.0,0.0,0.0,0.0,0.0,1.0,0.0,0.0,0.0,0.0,0.0,0.0,0.0,0.0,18.697753074112036,0.1376,4.762173934797756,2.2959567068995246,23.538630168437884,1.0,1.0,0.0,0.0,10.106075230581164
잭 리처: 네버 고 백,0.0,0.0,0.0,1.0,1.0,0.0,0.0,0.0,0.0,0.0,0.0,0.0,0.0,1.0,0.0,0.0,0.0,0.0,0.0,0.0,0.0,9.645339788822044,16.72568151286751,0.1256,4.983606621708336,2.2242834137921617,22.23939515205281,0.0,1.0,0.0,0.0,9.134786421164293
저수지 게임,0.0,0.0,0.0,0.0,0.0,0.0,0.0,0.0,0.0,0.0,0.0,0.0,0.0,0.0,0.0,0.0,0.0,0.0,1.0,0.0,0.0,0.0,17.05219169996927,0.045,4.912654885736052,2.3776729883875514,20.483173717905547,1.0,1.0,0.0,0.0,9.534388760965575
점박이 한반도의 공룡2 : 새로운 낙원,0.0,0.0,0.0,0.0,0.0,0.0,0.0,0.0,0.0,0.0,0.0,0.0,1.0,0.0,0.0,0.0,0.0,0.0,0.0,0.0,0.0,0.0,16.00015844288048,0.07783333333333332,4.624972813284271,2.3349945390958866,22.135348259457874,1.0,0.0,1.0,0.0,9.957897353938892
정글북,0.0,0.0,1.0,0.0,0.0,0.0,0.0,0.0,0.0,0.0,0.0,0.0,0.0,1.0,0.0,0.0,0.0,0.0,0.0,0.0,0.0,15.802516312013655,17.54064467170586,0.15225000000000002,4.477336814478207,2.274273908041787,23.493347594750198,0.0,0.0,0.0,0.0,10.306888557728149
제 5침공,0.0,1.0,1.0,1.0,0.0,0.0,0.0,0.0,0.0,0.0,0.0,0.0,0.0,0.0,0.0,0.0,0.0,0.0,0.0,0.0,0.0,0.0,15.618274382399616,0.05175,4.553876891600541,2.09116061925905,20.762310477869118,0.0,0.0,0.0,0.0,9.321303545562019
제이슨 본,0.0,0.0,0.0,1.0,0.0,0.0,0.0,0.0,1.0,0.0,0.0,0.0,0.0,0.0,0.0,0.0,0.0,0.0,0.0,0.0,0.0,11.477262248335713,17.328268624548564,0.16460000000000002,4.6443908991413725,2.245465619718256,23.720638331801688,0.0,1.0,0.0,0.0,10.415588437760851
조선명탐정: 흡혈괴마의 비밀,1.0,0.0,1.0,0.0,0.0,0.0,0.0,0.0,0.0,0.0,1.0,0.0,0.0,0.0,0.0,0.0,0.0,0.0,0.0,0.0,0.0,14.171112786049033,16.99416963844473,0.18524999999999997,4.553876891600541,2.254725896914312,23.609823893251807,1.0,0.0,0.0,0.0,9.62421481928839
조작된 도시,0.0,0.0,0.0,1.0,1.0,0.0,0.0,0.0,0.0,0.0,0.0,0.0,0.0,0.0,0.0,0.0,0.0,0.0,0.0,0.0,0.0,0.0,19.03465285349987,0.14175000000000001,4.770684624465665,2.2649125525606864,23.57815294641989,1.0,1.0,0.0,0.0,10.15126875798201
존 윅 - 리로드,0.0,0.0,0.0,1.0,1.0,0.0,0.0,0.0,1.0,0.0,0.0,0.0,0.0,0.0,0.0,0.0,0.0,0.0,0.0,0.0,0.0,15.701429434505847,15.460726979806298,0.0362,4.499809670330265,2.24742468180268,21.449650579272852,0.0,0.0,0.0,1.0,9.435441966549103
존 윅 3: 파라벨룸,0.0,0.0,0.0,1.0,1.0,0.0,0.0,0.0,1.0,0.0,0.0,0.0,0.0,0.0,0.0,0.0,0.0,0.0,0.0,0.0,0.0,10.92587665980265,12.024742095326937,0.1236,4.48863636973214,2.2524043373372904,22.652452656087835,0.0,0.0,0.0,1.0,9.844847565017343
좋아해줘,0.0,0.0,0.0,0.0,0.0,0.0,0.0,0.0,0.0,0.0,1.0,0.0,0.0,0.0,0.0,0.0,1.0,0.0,0.0,0.0,0.0,0.0,18.497985681504897,0.1266,4.189654742026425,2.296582598072305,22.54725097602212,1.0,0.0,0.0,0.0,9.687975508515164
주먹왕 랄프 2: 인터넷 속으로,0.0,0.0,1.0,0.0,0.0,0.0,0.0,0.0,0.0,0.0,1.0,0.0,1.0,0.0,0.0,0.0,0.0,0.0,0.0,0.0,0.0,15.097712528182813,15.660825980102997,0.166,4.605170185988092,2.2897780849988254,23.173411369531213,0.0,0.0,1.0,0.0,10.031158008961212
주토피아,0.0,0.0,1.0,1.0,0.0,0.0,0.0,0.0,0.0,0.0,0.0,0.0,1.0,0.0,0.0,0.0,0.0,0.0,0.0,0.0,0.0,0.0,17.939984507024565,0.1232,4.189654742026425,2.3381393720810615,23.181378975135807,0.0,0.0,1.0,0.0,10.621955699615247
죽여주는 여자,0.0,0.0,0.0,0.0,0.0,0.0,0.0,0.0,0.0,0.0,0.0,0.0,0.0,1.0,0.0,0.0,0.0,0.0,0.0,0.0,0.0,13.603057146821376,17.682367460423045,0.056499999999999995,4.477336814478207,2.237293054326767,20.34583788999038,1.0,0.0,0.0,1.0,8.844056952221477
쥬라기 월드: 폴른 킹덤,0.0,1.0,1.0,1.0,0.0,0.0,0.0,0.0,0.0,0.0,0.0,0.0,0.0,0.0,0.0,0.0,0.0,0.0,0.0,0.0,0.0,0.0,16.009922745904948,0.3646,4.663439094112067,2.264637389779672,24.492279868513727,0.0,0.0,0.0,0.0,10.05084675743214
쥬만지: 새로운 세계,0.0,0.0,1.0,1.0,0.0,0.0,0.0,0.0,0.0,0.0,0.0,0.0,0.0,0.0,0.0,0.0,0.0,0.0,0.0,0.0,0.0,0.0,15.94964582263435,0.13500000000000004,4.219507705176107,2.2571191891575704,23.29364685404627,0.0,0.0,0.0,0.0,10.253466300386938
증인,0.0,0.0,0.0,0.0,0.0,0.0,0.0,0.0,0.0,0.0,0.0,0.0,0.0,1.0,0.0,0.0,0.0,0.0,0.0,0.0,0.0,0.0,15.966567675383546,0.1456,4.820281565605037,2.3305552342146703,23.380935362326017,1.0,0.0,0.0,0.0,10.052381691955704
지금 만나러 갑니다,0.0,0.0,0.0,0.0,0.0,0.0,0.0,0.0,0.0,0.0,0.0,0.0,0.0,0.0,0.0,0.0,1.0,0.0,0.0,0.0,0.0,0.0,16.912559845028635,0.188,4.59511985013459,2.3103385295500396,23.49778822950264,1.0,0.0,0.0,0.0,9.90126270413804
지오스톰,0.0,1.0,0.0,1.0,0.0,0.0,0.0,0.0,1.0,0.0,0.0,0.0,0.0,0.0,0.0,0.0,0.0,0.0,0.0,0.0,0.0,7.045253664052022,14.65175405482131,0.12775,4.736198448394496,2.2287187422321395,22.846000907028863,0.0,0.0,0.0,0.0,9.473766879414187
짱구는 못말려 극장판: 나의 이사 이야기 선인장 대습격,0.0,0.0,0.0,0.0,0.0,0.0,0.0,0.0,0.0,0.0,0.0,0.0,1.0,0.0,0.0,0.0,0.0,0.0,0.0,0.0,0.0,10.754101819847278,12.572638770404435,0.0565,4.31748811353631,2.299935015262878,20.987686217695792,0.0,0.0,1.0,0.0,10.095330913475266
짱구는 못말려 극장판: 폭풍수면! 꿈꾸는 세계 대돌격,0.0,0.0,0.0,0.0,0.0,0.0,0.0,0.0,0.0,0.0,0.0,0.0,1.0,0.0,0.0,0.0,0.0,0.0,0.0,0.0,0.0,0.0,13.567152583705973,0.0514,4.406719247264253,2.2980938193067573,20.594363258811516,0.0,0.0,1.0,0.0,9.661105741259826
창궐,1.0,0.0,0.0,1.0,0.0,0.0,0.0,0.0,0.0,0.0,0.0,0.0,0.0,0.0,0.0,0.0,0.0,0.0,0.0,0.0,0.0,0.0,17.775726852514996,0.23074999999999998,4.890349128221754,1.8899438145450373,23.281386422946362,1.0,1.0,0.0,0.0,9.31774569997766
채비,0.0,0.0,0.0,0.0,0.0,0.0,0.0,0.0,0.0,0.0,0.0,0.0,0.0,1.0,0.0,0.0,0.0,0.0,0.0,0.0,0.0,0.0,16.44089608002829,0.0735,4.564348191467835,2.3447196228907585,20.74630201987775,1.0,0.0,0.0,0.0,8.852060391144795
챔피언,0.0,0.0,0.0,0.0,0.0,0.0,0.0,0.0,0.0,0.0,0.0,0.0,0.0,1.0,0.0,0.0,0.0,0.0,0.0,0.0,0.0,0.0,17.33987269861122,0.16466666666666668,4.836281906951478,2.181201834311443,22.943052089311138,1.0,0.0,0.0,0.0,9.760513382725051
천로역정: 천국을 찾아서,0.0,0.0,1.0,0.0,0.0,0.0,0.0,0.0,0.0,0.0,0.0,0.0,1.0,0.0,0.0,0.0,0.0,0.0,0.0,0.0,0.0,0.0,0.0,0.06025,4.867534450455582,2.3725774648140807,20.876298198259985,0.0,0.0,1.0,0.0,9.968922237247403
청년경찰,0.0,0.0,0.0,1.0,0.0,0.0,0.0,0.0,0.0,0.0,0.0,0.0,0.0,0.0,0.0,0.0,0.0,0.0,0.0,0.0,0.0,0.0,16.699176867842635,0.18160000000000004,4.477336814478207,2.3151321738864246,24.219385075813307,1.0,1.0,0.0,0.0,10.396214712898303
치즈인더트랩,0.0,0.0,0.0,0.0,0.0,0.0,0.0,0.0,1.0,0.0,0.0,0.0,0.0,0.0,0.0,0.0,1.0,0.0,0.0,0.0,0.0,13.790691765656076,15.544117701996624,0.061000000000000006,4.59511985013459,2.241557194382454,21.324418938905794,1.0,1.0,0.0,0.0,8.633619770829311
침묵,0.0,0.0,0.0,0.0,0.0,0.0,0.0,0.0,0.0,0.0,0.0,0.0,0.0,1.0,0.0,0.0,0.0,0.0,0.0,0.0,0.0,10.062563054636826,15.815312792052152,0.11225,4.727387818712341,2.238379094058172,22.065413951263952,1.0,1.0,0.0,0.0,9.183763481305089
카3: 새로운 도전,0.0,0.0,1.0,0.0,0.0,0.0,0.0,0.0,0.0,0.0,1.0,0.0,1.0,0.0,0.0,0.0,0.0,0.0,0.0,0.0,0.0,0.0,16.367687610307648,0.1295,4.624972813284271,2.3165438144060704,21.935581086704936,0.0,0.0,1.0,0.0,9.932585480959602
카페 소사이어티,0.0,0.0,0.0,0.0,0.0,0.0,0.0,0.0,0.0,0.0,0.0,0.0,0.0,1.0,0.0,0.0,1.0,0.0,0.0,0.0,0.0,11.747413194291076,16.73173513103619,0.030999999999999996,4.430816798843313,2.2139419841301238,20.520126288484295,0.0,1.0,0.0,0.0,9.539356097194258
캐롤,0.0,0.0,0.0,0.0,0.0,0.0,0.0,0.0,0.0,0.0,0.0,0.0,0.0,1.0,0.0,0.0,0.0,0.0,0.0,0.0,0.0,0.0,15.541136147212983,0.038500000000000006,4.290459441148391,2.2864693937957563,21.476500884001307,0.0,0.0,0.0,1.0,10.644304162737306
캐리비안의 해적: 죽은 자는 말이 없다,0.0,0.0,1.0,1.0,0.0,1.0,0.0,0.0,0.0,0.0,0.0,0.0,0.0,0.0,0.0,0.0,0.0,0.0,0.0,0.0,0.0,0.0,16.221060147052455,0.25520000000000004,4.8283137373023015,2.2830960164101035,23.82348642493631,0.0,0.0,0.0,0.0,9.708070595328829
캡틴 마블,0.0,1.0,1.0,1.0,0.0,0.0,0.0,0.0,0.0,0.0,0.0,0.0,0.0,0.0,0.0,0.0,0.0,0.0,0.0,0.0,0.0,0.0,14.812295318912676,0.3768,4.68213122712422,2.229212174526774,24.481002875896472,0.0,0.0,0.0,0.0,9.988920912736853
커뮤터,0.0,0.0,0.0,1.0,0.0,0.0,0.0,0.0,0.0,0.0,0.0,0.0,0.0,0.0,0.0,0.0,0.0,0.0,0.0,0.0,0.0,12.744126526177773,15.758503065124641,0.08600000000000001,4.912654885736052,2.302929679177407,21.523795063693786,0.0,1.0,0.0,0.0,8.507958987088191
컨저링 2,0.0,0.0,0.0,0.0,0.0,0.0,0.0,0.0,0.0,0.0,0.0,1.0,0.0,0.0,0.0,0.0,0.0,0.0,0.0,0.0,0.0,15.32171687830709,16.69582335763531,0.106,4.477336814478207,2.255079302082797,23.181729645368094,0.0,1.0,0.0,0.0,10.690888102114736
컨택트,0.0,1.0,0.0,0.0,0.0,0.0,0.0,0.0,1.0,0.0,0.0,0.0,0.0,1.0,0.0,0.0,0.0,0.0,0.0,0.0,0.0,11.582416059639112,16.774235033381444,0.09975,4.465908118654584,2.2436761013718285,22.300894088588404,0.0,0.0,0.0,0.0,9.554342877147766
코코,0.0,0.0,0.0,0.0,0.0,0.0,0.0,0.0,0.0,0.0,0.0,0.0,1.0,0.0,0.0,0.0,0.0,0.0,0.0,0.0,0.0,0.0,0.3555233869514217,0.17775000000000002,4.74493212836325,2.3230734875490797,23.511289760819675,0.0,0.0,1.0,0.0,10.284910471005515
콜 미 바이 유어 네임,0.0,0.0,0.0,0.0,0.0,0.0,0.0,0.0,0.0,0.0,0.0,0.0,0.0,1.0,0.0,0.0,1.0,0.0,0.0,0.0,0.0,9.092865217294587,15.446622071820578,0.032,4.653960350157523,2.3343694006738236,20.810204437204547,0.0,0.0,0.0,1.0,9.384807163235397
콜드 체이싱,0.0,0.0,0.0,1.0,0.0,0.0,0.0,0.0,0.0,0.0,0.0,0.0,0.0,0.0,0.0,0.0,0.0,0.0,0.0,0.0,0.0,0.0,14.95130196079384,0.07239999999999999,4.406719247264253,2.1211203119349173,20.45129910641778,0.0,1.0,0.0,0.0,8.311766828486567
콩: 스컬 아일랜드,0.0,0.0,1.0,1.0,0.0,1.0,0.0,0.0,0.0,0.0,0.0,0.0,0.0,0.0,0.0,0.0,0.0,0.0,0.0,0.0,0.0,0.0,16.98256070506983,0.1514,4.543294782270004,2.214664006023738,23.31213134683188,0.0,0.0,0.0,0.0,9.730423518152167
콰이어트 플레이스,0.0,0.0,0.0,0.0,0.0,0.0,0.0,0.0,1.0,0.0,0.0,1.0,0.0,1.0,0.0,0.0,0.0,0.0,0.0,0.0,0.0,11.237022360889478,12.833348436811658,0.09875000000000002,4.700480365792417,2.24474298962696,22.13001342936007,0.0,1.0,0.0,0.0,9.257081590445464
쿵푸팬더3,0.0,0.0,1.0,1.0,0.0,0.0,0.0,0.0,0.0,0.0,0.0,0.0,1.0,0.0,0.0,0.0,0.0,0.0,0.0,0.0,0.0,0.0,17.118699890810703,0.25725,4.406719247264253,2.2949363581333437,23.994862869109117,0.0,0.0,1.0,0.0,9.898202970700767
크게 될 놈,0.0,0.0,0.0,0.0,0.0,0.0,0.0,0.0,0.0,0.0,0.0,0.0,0.0,1.0,0.0,0.0,0.0,0.0,0.0,0.0,0.0,0.0,15.972538266066298,0.05875,4.74493212836325,2.3283145084063746,20.39102694446606,1.0,1.0,0.0,0.0,8.821150655403196
크레이지 리치 아시안,0.0,0.0,0.0,0.0,0.0,0.0,0.0,0.0,0.0,0.0,1.0,0.0,0.0,0.0,0.0,0.0,1.0,0.0,0.0,0.0,0.0,14.185305975608532,13.18336144552807,0.08874999999999998,4.890349128221754,2.1377092995083387,20.98424255614112,0.0,0.0,0.0,0.0,8.487117866930667
클로버필드 10번지,0.0,0.0,0.0,0.0,0.0,0.0,0.0,1.0,1.0,0.0,0.0,0.0,0.0,0.0,0.0,0.0,0.0,0.0,0.0,0.0,0.0,0.0,15.369717524151664,0.1075,4.74493212836325,2.1344058915447546,21.70089369194765,0.0,1.0,0.0,0.0,8.602242664678617
킬러의 보디가드,0.0,0.0,0.0,1.0,0.0,0.0,0.0,0.0,0.0,0.0,1.0,0.0,0.0,0.0,0.0,0.0,0.0,0.0,0.0,0.0,0.0,0.0,16.421272807873873,0.0694,4.6913478822291435,2.2784062373059935,23.129813686277707,0.0,1.0,0.0,0.0,10.37898574621666
킹 아서: 제왕의 검,0.0,0.0,1.0,1.0,0.0,1.0,0.0,0.0,0.0,0.0,0.0,0.0,0.0,0.0,0.0,0.0,0.0,0.0,0.0,0.0,0.0,11.077182629712928,15.961032180054326,0.1012,4.762173934797756,2.258218849788145,21.77497942609746,0.0,0.0,0.0,0.0,8.884089140071776
킹스맨: 골든 서클,0.0,0.0,1.0,1.0,0.0,0.0,0.0,0.0,0.0,0.0,1.0,0.0,0.0,0.0,0.0,0.0,0.0,0.0,0.0,0.0,0.0,14.876658504715724,16.724908506186516,0.3008,4.795790545596741,2.282899295137441,24.370006001762135,0.0,0.0,0.0,1.0,10.197412966070184
탐정 홍길동: 사라진 마을,0.0,0.0,0.0,1.0,0.0,0.0,0.0,0.0,0.0,0.0,0.0,0.0,0.0,1.0,0.0,0.0,0.0,0.0,0.0,0.0,0.0,0.0,17.527706792303675,0.13940000000000002,4.330733340286331,2.23870869784001,23.05701029971633,1.0,1.0,0.0,0.0,10.075202458731544
탐정: 리턴즈,0.0,0.0,0.0,0.0,1.0,0.0,0.0,0.0,0.0,0.0,1.0,0.0,0.0,0.0,0.0,0.0,0.0,0.0,0.0,0.0,0.0,0.0,17.139817634628443,0.2024,4.574710978503382,2.327813350218286,23.70949336179726,1.0,1.0,0.0,0.0,10.119014618151791
택시운전사,0.0,0.0,0.0,0.0,0.0,0.0,0.0,0.0,0.0,0.0,0.0,0.0,0.0,1.0,0.0,0.0,0.0,0.0,0.0,0.0,0.0,0.0,18.485396183189007,0.304,4.653960350157523,2.33792970263922,25.001380310715163,1.0,1.0,0.0,0.0,10.921434200999158
터널,0.0,0.0,0.0,0.0,0.0,0.0,0.0,0.0,0.0,0.0,0.0,0.0,0.0,1.0,0.0,0.0,0.0,0.0,0.0,0.0,0.0,14.319727219370607,18.336921557761734,0.1666,4.343805421853684,2.268288304581235,24.516358216806186,1.0,0.0,0.0,0.0,10.943401970706013
터닝메카드W: 블랙미러의 부활,0.0,0.0,0.0,0.0,0.0,0.0,0.0,0.0,0.0,0.0,0.0,0.0,1.0,0.0,0.0,0.0,0.0,0.0,0.0,0.0,0.0,0.0,17.61628309753862,0.0914,4.718498871295094,2.297006184463394,21.82175165128365,1.0,0.0,1.0,0.0,9.73799038946941
토르: 라그나로크,0.0,0.0,1.0,1.0,0.0,1.0,0.0,0.0,0.0,0.0,0.0,0.0,0.0,0.0,0.0,0.0,0.0,0.0,0.0,0.0,0.0,0.0,17.351704709477776,0.28839999999999993,4.7535901911063645,2.30469866714175,24.13644160812747,0.0,0.0,0.0,0.0,9.893540362510818
토이 스토리 4,0.0,0.0,1.0,0.0,0.0,0.0,0.0,0.0,0.0,0.0,1.0,0.0,1.0,0.0,0.0,0.0,0.0,0.0,0.0,0.0,0.0,0.0,14.607793782640124,0.19899999999999998,4.532599493153256,2.3252318701187007,23.756134476516415,0.0,0.0,1.0,0.0,10.071697840613352
툼레이더,0.0,0.0,1.0,1.0,0.0,0.0,0.0,0.0,0.0,0.0,0.0,0.0,0.0,0.0,0.0,0.0,0.0,0.0,0.0,0.0,0.0,9.13649406040173,15.270018267888908,0.13924999999999998,4.68213122712422,2.1968001972997486,22.21327150369958,0.0,0.0,0.0,0.0,8.70348655925526
트랜스포머: 최후의 기사,0.0,1.0,1.0,1.0,0.0,0.0,0.0,0.0,0.0,0.0,0.0,0.0,0.0,0.0,0.0,0.0,0.0,0.0,0.0,0.0,0.0,14.74421006040913,16.9265371132386,0.32439999999999997,4.836281906951478,2.0964982388779836,23.74412176817749,0.0,0.0,0.0,0.0,9.514544284494661
트롤,0.0,0.0,0.0,0.0,0.0,0.0,0.0,0.0,0.0,0.0,0.0,0.0,1.0,0.0,0.0,0.0,0.0,0.0,0.0,0.0,0.0,15.305347258085103,15.296287599559886,0.08975,4.700480365792417,2.2911847051950347,22.19583566498636,0.0,0.0,1.0,0.0,10.35027718594309
트루스 오어 데어,0.0,0.0,0.0,0.0,0.0,0.0,0.0,0.0,1.0,0.0,0.0,1.0,0.0,0.0,0.0,0.0,0.0,0.0,0.0,0.0,0.0,0.0,10.664421758375962,0.09250000000000001,4.736198448394496,2.239686222911472,21.668224994600433,0.0,1.0,0.0,0.0,9.231825250626905
트리플 엑스 리턴즈,0.0,0.0,1.0,1.0,0.0,0.0,0.0,0.0,1.0,0.0,0.0,0.0,0.0,0.0,0.0,0.0,0.0,0.0,0.0,0.0,0.0,0.4896146542412883,16.72426310057335,0.0944,4.836281906951478,2.2358265139371976,22.093793198638682,0.0,1.0,0.0,0.0,8.946251045966289
특별수사: 사형수의 편지,0.0,0.0,0.0,0.0,1.0,0.0,0.0,0.0,0.0,0.0,0.0,0.0,0.0,1.0,0.0,0.0,0.0,0.0,0.0,0.0,0.0,0.0,18.51164046238972,0.13174999999999998,4.356708826689592,2.282916237004586,22.880366424480023,1.0,1.0,0.0,0.0,9.58218274852007
특별시민,0.0,0.0,0.0,0.0,0.0,0.0,0.0,0.0,0.0,0.0,0.0,0.0,0.0,1.0,0.0,0.0,0.0,0.0,0.0,0.0,0.0,9.858179300942355,18.761494237950412,0.22559999999999997,4.51085950651685,2.1821819354943357,23.060117820651705,1.0,1.0,0.0,0.0,9.208036185953759
파리로 가는 길,0.0,0.0,0.0,0.0,0.0,0.0,0.0,0.0,0.0,0.0,0.0,0.0,0.0,1.0,0.0,0.0,1.0,0.0,0.0,0.0,0.0,0.0,15.806996940750595,0.0135,4.634728988229636,2.21253881232142,20.113182520690035,0.0,0.0,0.0,0.0,10.476361547356989
판도라,0.0,0.0,0.0,0.0,0.0,0.0,0.0,0.0,1.0,0.0,0.0,0.0,0.0,1.0,0.0,0.0,0.0,0.0,0.0,0.0,0.0,0.0,19.510668489941644,0.20939999999999998,4.74493212836325,2.306429737408132,24.02131606510098,1.0,0.0,0.0,0.0,10.291164239321786
패딩턴 2,0.0,0.0,0.0,0.0,0.0,0.0,0.0,0.0,0.0,0.0,1.0,0.0,0.0,1.0,0.0,0.0,0.0,0.0,0.0,0.0,0.0,0.0,14.960697083160934,0.08725,4.553876891600541,2.325594434947253,21.35016786810687,0.0,0.0,1.0,0.0,9.228863874219575
패신저스,0.0,1.0,1.0,0.0,0.0,0.0,0.0,0.0,0.0,0.0,0.0,0.0,0.0,0.0,0.0,0.0,0.0,0.0,0.0,0.0,0.0,13.744417822412311,16.346055074521882,0.09,4.709530201312334,2.226520039793618,22.419237147306344,0.0,0.0,0.0,0.0,9.555616862888568
퍼스트맨,0.0,1.0,0.0,0.0,0.0,0.0,0.0,0.0,0.0,0.0,0.0,0.0,0.0,1.0,0.0,0.0,0.0,0.0,0.0,0.0,0.0,11.943721446977323,14.248643224080581,0.18549999999999997,4.836281906951478,2.107736517686379,22.51396235644351,0.0,0.0,0.0,0.0,8.779982688461095
퍼시픽 림: 업라이징,0.0,1.0,1.0,1.0,0.0,0.0,0.0,0.0,0.0,0.0,0.0,0.0,0.0,0.0,0.0,0.0,0.0,0.0,0.0,0.0,0.0,0.0,14.853304067114395,0.19840000000000005,4.77912349311153,2.226994311547959,22.908165337836298,0.0,1.0,0.0,0.0,9.03928670520981
페르디난드,0.0,0.0,1.0,0.0,0.0,0.0,0.0,0.0,0.0,0.0,1.0,0.0,1.0,0.0,0.0,0.0,0.0,0.0,0.0,0.0,0.0,0.0,15.523268282893145,0.10979999999999998,4.219507705176107,2.322618160854406,22.03165335807341,0.0,0.0,1.0,0.0,10.364683028446846
포켓몬 더 무비 XY&Z 「볼케니온 : 기계왕국의 비밀」,0.0,0.0,1.0,0.0,0.0,1.0,0.0,0.0,0.0,0.0,0.0,0.0,1.0,0.0,0.0,0.0,0.0,0.0,0.0,0.0,0.0,12.824963717503199,16.71552582627169,0.06949999999999999,4.584967478670572,2.297795218589327,21.402000403464864,0.0,0.0,1.0,0.0,10.654021034867645
프리즌,0.0,0.0,0.0,1.0,1.0,0.0,0.0,0.0,0.0,0.0,0.0,0.0,0.0,0.0,0.0,0.0,0.0,0.0,0.0,0.0,0.0,10.376082781309895,18.8957143746286,0.18724999999999997,4.605170185988092,2.244202658611208,23.653121138890825,1.0,0.0,0.0,1.0,10.08220984966638
플로렌스,0.0,0.0,0.0,0.0,0.0,0.0,0.0,0.0,0.0,0.0,0.0,0.0,0.0,1.0,0.0,0.0,0.0,0.0,0.0,0.0,0.0,10.004317041980949,17.56578280583384,0.0612,4.5217885770490405,2.2832632591853512,20.7516040897661,0.0,1.0,0.0,0.0,8.700581394348248
플립,0.0,0.0,0.0,0.0,0.0,0.0,0.0,0.0,0.0,0.0,0.0,0.0,0.0,1.0,0.0,0.0,1.0,0.0,0.0,0.0,0.0,0.0,13.154532751078872,0.044399999999999995,4.584967478670572,2.3180322529981834,21.594384836642895,0.0,0.0,0.0,0.0,10.239412872112963
피터 래빗,0.0,0.0,0.0,0.0,0.0,0.0,1.0,0.0,0.0,0.0,0.0,0.0,1.0,0.0,0.0,0.0,0.0,0.0,0.0,0.0,0.0,0.0,15.972926567945894,0.08220000000000001,4.48863636973214,2.3083203391232106,21.611168082304342,0.0,0.0,1.0,0.0,10.515392528795065
피터와 드래곤,0.0,0.0,1.0,0.0,0.0,1.0,1.0,0.0,0.0,0.0,0.0,0.0,0.0,0.0,0.0,0.0,0.0,0.0,0.0,0.0,0.0,5.3201896887825395,16.71397480372976,0.028599999999999997,4.762173934797756,2.148106076416842,20.383453770698047,0.0,0.0,1.0,0.0,9.70594534078175
하루,0.0,0.0,0.0,0.0,0.0,0.0,0.0,0.0,1.0,0.0,0.0,0.0,0.0,0.0,0.0,0.0,0.0,0.0,0.0,0.0,0.0,0.0,17.550756310342376,0.12775,4.955827057601261,2.2276141174292112,22.87425072340599,1.0,1.0,0.0,0.0,9.5086013488688
한 솔로: 스타워즈 스토리,0.0,1.0,0.0,1.0,0.0,0.0,0.0,0.0,0.0,0.0,0.0,0.0,0.0,0.0,0.0,0.0,0.0,0.0,0.0,0.0,0.0,12.779921206172155,16.4871099421529,0.09825,4.653960350157523,2.2659026161278177,21.38356713892894,0.0,0.0,0.0,0.0,8.730553309086636
할로윈,0.0,0.0,0.0,0.0,0.0,0.0,0.0,0.0,0.0,0.0,0.0,1.0,0.0,0.0,0.0,0.0,0.0,0.0,0.0,0.0,0.0,6.907278382184935,12.570406254281957,0.08180000000000001,4.919980925828125,1.9454852179848927,20.593188716021505,0.0,0.0,0.0,1.0,8.195512099737384
항거:유관순 이야기,0.0,0.0,0.0,0.0,0.0,0.0,0.0,0.0,0.0,0.0,0.0,0.0,0.0,1.0,0.0,0.0,0.0,0.0,0.0,0.0,0.0,0.0,15.883115482850432,0.13440000000000002,4.442651256490317,2.347061167914549,22.88347015529556,1.0,0.0,0.0,0.0,9.936806989251483
해빙,0.0,0.0,0.0,0.0,0.0,0.0,0.0,0.0,1.0,0.0,0.0,0.0,0.0,0.0,0.0,0.0,0.0,0.0,0.0,0.0,0.0,0.0,17.90958925034612,0.14220000000000002,4.61512051684126,2.020715620842457,22.9894028686251,1.0,1.0,0.0,0.0,9.450049982030041
해어화,1.0,0.0,0.0,0.0,0.0,0.0,0.0,0.0,0.0,0.0,0.0,0.0,0.0,1.0,0.0,0.0,0.0,0.0,0.0,0.0,0.0,12.75175421502292,18.02148353361789,0.11279999999999998,4.709530201312334,2.239755661421177,21.92636667922391,1.0,1.0,0.0,0.0,8.927275887244674
해피 데스데이,0.0,0.0,0.0,0.0,0.0,0.0,0.0,1.0,1.0,0.0,0.0,1.0,0.0,0.0,0.0,0.0,0.0,0.0,0.0,0.0,0.0,0.0,12.706190375177393,0.0928,4.700480365792417,2.251283713079071,22.922982063101504,0.0,1.0,0.0,0.0,10.132872154512782
해피 데스데이 2 유,0.0,0.0,0.0,0.0,0.0,0.0,0.0,0.0,0.0,0.0,1.0,1.0,0.0,0.0,0.0,0.0,0.0,0.0,0.0,0.0,0.0,0.0,14.025713405585943,0.099,4.770684624465665,2.2594439247838802,21.94283953924238,0.0,1.0,0.0,0.0,9.130618492511774
핵소 고지,0.0,0.0,0.0,0.0,0.0,0.0,0.0,0.0,0.0,0.0,0.0,0.0,0.0,1.0,0.0,1.0,0.0,0.0,0.0,0.0,0.0,11.094425156031056,15.53909499172203,0.066,4.499809670330265,2.3150274943159554,20.917823724390303,0.0,1.0,0.0,0.0,8.57306563560041
허리케인 하이스트,0.0,0.0,0.0,1.0,1.0,0.0,0.0,0.0,0.0,0.0,0.0,0.0,0.0,0.0,0.0,0.0,0.0,0.0,0.0,0.0,0.0,0.0,15.451175379499992,0.0874,4.59511985013459,2.2894243347073973,21.259941266325857,0.0,1.0,0.0,0.0,8.846177590772607
허스토리,0.0,0.0,0.0,0.0,0.0,0.0,0.0,0.0,0.0,0.0,0.0,0.0,0.0,1.0,0.0,0.0,0.0,0.0,0.0,0.0,0.0,10.800330189036234,17.620437985384083,0.11059999999999999,4.672828834461906,2.3431090731604343,21.435978827547856,1.0,0.0,0.0,0.0,8.563786824181042
헌츠맨: 윈터스 워,0.0,0.0,1.0,1.0,0.0,0.0,0.0,0.0,0.0,0.0,0.0,0.0,0.0,0.0,0.0,0.0,0.0,0.0,0.0,0.0,0.0,0.0,17.50622139681897,0.1052,4.709530201312334,2.134288376041257,21.97873947311751,0.0,0.0,0.0,0.0,8.992251469907695
헬보이,0.0,0.0,1.0,1.0,0.0,1.0,0.0,0.0,0.0,0.0,0.0,0.0,0.0,0.0,0.0,0.0,0.0,0.0,0.0,0.0,0.0,0.0,13.681386575964774,0.10580000000000002,5.0238805208462765,2.228099427166124,21.738347433824043,0.0,0.0,0.0,1.0,8.971478272405406
협상,0.0,0.0,0.0,0.0,1.0,0.0,0.0,0.0,0.0,0.0,0.0,0.0,0.0,0.0,0.0,0.0,0.0,0.0,0.0,0.0,0.0,0.0,16.77544046029127,0.1524,4.584967478670572,2.13671844729519,23.5039690578485,1.0,1.0,0.0,0.0,10.183802945914623
형,0.0,0.0,0.0,0.0,0.0,0.0,0.0,0.0,0.0,0.0,1.0,0.0,0.0,1.0,0.0,0.0,0.0,0.0,0.0,0.0,0.0,0.0,16.57248688859538,0.17439999999999997,5.0238805208462765,2.3197487027328085,23.62665533925115,1.0,0.0,0.0,0.0,10.84482064145372
호두까기 인형과 4개의 왕국,0.0,0.0,0.0,0.0,0.0,1.0,0.0,0.0,0.0,0.0,0.0,0.0,0.0,1.0,0.0,0.0,0.0,0.0,0.0,0.0,0.0,0.0,15.7119636635856,0.044000000000000004,5.0238805208462765,2.0905772258194295,22.012428152446848,0.0,0.0,1.0,0.0,9.897140489732095
혹성탈출: 종의 전쟁,0.0,0.0,1.0,1.0,0.0,0.0,0.0,0.0,0.0,0.0,0.0,0.0,0.0,1.0,0.0,0.0,0.0,0.0,0.0,0.0,0.0,12.335500161636094,16.63427513002978,0.15766666666666668,4.762173934797756,2.2248950874118845,23.514681402901072,0.0,0.0,0.0,0.0,9.8435690127062
혼숨,0.0,0.0,0.0,0.0,0.0,0.0,0.0,0.0,0.0,0.0,0.0,1.0,0.0,0.0,0.0,0.0,0.0,0.0,0.0,0.0,0.0,0.0,16.631073566082673,0.1004,4.454347296253507,2.0140730383623273,21.51536724152747,1.0,1.0,0.0,0.0,9.831605708134882
후드,0.0,0.0,1.0,0.0,0.0,0.0,0.0,0.0,0.0,0.0,0.0,0.0,0.0,0.0,0.0,0.0,0.0,0.0,0.0,0.0,0.0,0.0,14.075472609427099,0.10200000000000001,4.927253685157205,2.0887360985751076,21.487938316357262,0.0,0.0,0.0,0.0,8.860006667140848
희생부활자,0.0,0.0,0.0,0.0,0.0,0.0,0.0,1.0,1.0,0.0,0.0,0.0,0.0,0.0,0.0,0.0,0.0,0.0,0.0,0.0,0.0,14.093091746315315,18.226584057551467,0.132,4.454347296253507,2.073721636825751,21.632474282935668,1.0,1.0,0.0,0.0,8.248096127512166
히든 피겨스,0.0,0.0,0.0,0.0,0.0,0.0,0.0,0.0,0.0,0.0,0.0,0.0,0.0,1.0,0.0,0.0,0.0,0.0,0.0,0.0,0.0,10.682921219520177,15.591374834978815,0.08175,4.605170185988092,2.364460547322632,21.61160729500094,0.0,0.0,0.0,0.0,9.57159398308647
